OWNER,SOURCE_SCHEMA,TABLE_NAME,TABLE_DESCRIPTION,COLUMN_NAME,DATA_TYPE,DATA_LENGTH,DATA_SCALE,DATA_PRECISION,NULLABLE,SOURCE_PRIMARY_KEY,INDEX,SOURCE_PARTITION,TARGET_DATASET_NAME,TARGET_TABLE_NAME,TARGET_COLUMN_NAME,TARGET_DATA_TYPE,TARGET_PRIMARY_KEY,TARGET_PARTITION,DESCRIPTION,PII,COLUMN_ID,ANONYMIZATION_RULE,ATTRIBUTE_ID,COMMENT,LOGIC,Used in agregation,SCD Tables(Menyus)
NC-RBM,GENEVA_ADMIN,PAYMENTALLOCATIONTOINVOICE, ,ACCOUNT_NUM,VARCHAR2,20, , ,N,Y,Y, ,NC_RBM,PAYMENTALLOCATIONTOINVOICE,ACCOUNT_NUM,STRING,Y, , ,Y,1,,,,,,
NC-RBM,GENEVA_ADMIN,PAYMENTALLOCATIONTOINVOICE, ,PAID_BILL_SEQ,NUMBER,22,0,9,N,Y,Y, ,NC_RBM,PAYMENTALLOCATIONTOINVOICE,PAID_BILL_SEQ,INT64,Y, , ,N,2,,,,,,
NC-RBM,GENEVA_ADMIN,PAYMENTALLOCATIONTOINVOICE, ,ACCOUNT_PAYMENT_SEQ,NUMBER,22,0,9,N,Y,Y, ,NC_RBM,PAYMENTALLOCATIONTOINVOICE,ACCOUNT_PAYMENT_SEQ,INT64,Y, , ,N,3,,,,,,
NC-RBM,GENEVA_ADMIN,PAYMENTALLOCATIONTOINVOICE, ,ACCOUNT_PAYMENT_MNY,NUMBER,22,0,18,N,N,N, ,NC_RBM,PAYMENTALLOCATIONTOINVOICE,ACCOUNT_PAYMENT_MNY,NUMERIC,N, , ,N,4,,,,,,
NC-RBM,GENEVA_ADMIN,PAYMENTALLOCATIONTOINVOICE, ,UNALLOCATED_MNY,NUMBER,22,0,18,N,N,N, ,NC_RBM,PAYMENTALLOCATIONTOINVOICE,UNALLOCATED_MNY,NUMERIC,N, , ,N,5,,,,,,
NC-RBM,GENEVA_ADMIN,PAYMENTALLOCATIONTOINVOICE, ,NOTES_TXT,VARCHAR2,255, , ,Y,N,N, ,NC_RBM,PAYMENTALLOCATIONTOINVOICE,NOTES_TXT,STRING,N, , ,N,6,,,,,,
NC-RBM,GENEVA_ADMIN,PAYMENTALLOCATIONTOINVOICE, ,,, , , ,N,N,N, ,NC_RBM,PAYMENTALLOCATIONTOINVOICE,TR_FILE_ID,INT64,N, , ,N,1500,,,,,,
NC-RBM,GENEVA_ADMIN,PAYMENTALLOCATIONTOINVOICE, ,,, , , ,N,N,N, ,NC_RBM,PAYMENTALLOCATIONTOINVOICE,TR_INSERT_DATETIME,TIMESTAMP,N, , ,N,1600,,,,,,
NC-RBM,GENEVA_ADMIN,PAYMENTALLOCATIONTOINVOICE, ,,, , , ,N,N,N, ,NC_RBM,PAYMENTALLOCATIONTOINVOICE,TR_INSERT_ID,INT64,N, , ,N,1700,,,,,,
NC-RBM,GENEVA_ADMIN,PAYMENTALLOCATIONTOINVOICE, ,,, , , ,Y,N,N, ,NC_RBM,PAYMENTALLOCATIONTOINVOICE,TR_UPDATE_DATETIME,TIMESTAMP,N, , ,N,1800,,,,,,
NC-RBM,GENEVA_ADMIN,PAYMENTALLOCATIONTOINVOICE, ,,, , , ,Y,N,N, ,NC_RBM,PAYMENTALLOCATIONTOINVOICE,TR_UPDATE_ID,INT64,N, , ,N,1900,,,,,,
NC-RBM,GENEVA_ADMIN,PAYMENTALLOCATIONTOINVOICE, ,,, , , ,N,N,Y, ,NC_RBM,PAYMENTALLOCATIONTOINVOICE,START_OF_VALIDITY,DATE,Y, , ,N,1000,,,,,,
NC-RBM,GENEVA_ADMIN,PAYMENTALLOCATIONTOINVOICE, ,,, , , ,N,N,N, ,NC_RBM,PAYMENTALLOCATIONTOINVOICE,END_OF_VALIDITY,DATE,N,,,N,1100,,,,,,
NC-RBM,GENEVA_ADMIN,PAYMENTALLOCATIONTOINVOICE, ,,, , , ,N,N,N, ,NC_RBM,PAYMENTALLOCATIONTOINVOICE,ACTIVE_FL,STRING,N,,,N,1200,,,,,,
NC-TOMS,VHTMA_21000_RDB,POC_DISCOUNT, ,DISCOUNT_ID,NUMBER,22,0,20,N,Y,Y, ,NC_TOMS,POC_DISCOUNT,DISCOUNT_ID,NUMERIC,Y, , ,N,1, , , , , , 
NC-TOMS,VHTMA_21000_RDB,POC_DISCOUNT, ,NAME,VARCHAR2,200, , ,N,N,N, ,NC_TOMS,POC_DISCOUNT,NAME,STRING,N, , ,Y,2, , , , , , 
NC-TOMS,VHTMA_21000_RDB,POC_DISCOUNT, ,DISPLAY_NAME,VARCHAR2,200, , ,Y,N,N, ,NC_TOMS,POC_DISCOUNT,DISPLAY_NAME,STRING,N, , ,Y,3, , , , , , 
NC-TOMS,VHTMA_21000_RDB,POC_DISCOUNT, ,APPLY_MODE_VALUE_ID,NUMBER,22,0,20,N,N,N, ,NC_TOMS,POC_DISCOUNT,APPLY_MODE_VALUE_ID,NUMERIC,N, , ,N,4, , , , , , 
NC-TOMS,VHTMA_21000_RDB,POC_DISCOUNT, ,ENABLED,NUMBER,22,0,1,N,N,N, ,NC_TOMS,POC_DISCOUNT,ENABLED,INT64,N, , ,N,5, , , , , , 
NC-TOMS,VHTMA_21000_RDB,POC_DISCOUNT, ,DURATION,NUMBER,22,0,5,Y,N,N, ,NC_TOMS,POC_DISCOUNT,DURATION,INT64,N, , ,N,6, , , , , , 
NC-TOMS,VHTMA_21000_RDB,POC_DISCOUNT, ,DURATION_UNIT_VALUE_ID,NUMBER,22,0,20,Y,N,N, ,NC_TOMS,POC_DISCOUNT,DURATION_UNIT_VALUE_ID,NUMERIC,N, , ,N,7, , , , , , 
NC-TOMS,VHTMA_21000_RDB,POC_DISCOUNT, ,PRICE_LIST_ID,NUMBER,22,0,20,Y,N,N, ,NC_TOMS,POC_DISCOUNT,PRICE_LIST_ID,NUMERIC,N, , ,N,8, , , , , , 
NC-TOMS,VHTMA_21000_RDB,POC_DISCOUNT, ,DISCOUNT_LEVEL_VALUE_ID,NUMBER,22,0,20,N,N,N, ,NC_TOMS,POC_DISCOUNT,DISCOUNT_LEVEL_VALUE_ID,NUMERIC,N, , ,N,9, , , , , , 
NC-TOMS,VHTMA_21000_RDB,POC_DISCOUNT, ,PRIORITY,NUMBER,22,0,2,Y,N,N, ,NC_TOMS,POC_DISCOUNT,PRIORITY,INT64,N, , ,N,10, , , , , , 
NC-TOMS,VHTMA_21000_RDB,POC_DISCOUNT, ,NET_CHARGE,NUMBER,22,0,1,Y,N,N, ,NC_TOMS,POC_DISCOUNT,NET_CHARGE,INT64,N, , ,N,11, , , , , , 
NC-TOMS,VHTMA_21000_RDB,POC_DISCOUNT, ,AVAILABLE_FROM,DATE,7, , ,N,N,N, ,NC_TOMS,POC_DISCOUNT,AVAILABLE_FROM,DATE,N, , ,N,12, , , , , , 
NC-TOMS,VHTMA_21000_RDB,POC_DISCOUNT, ,AVAILABLE_TO,DATE,7, , ,Y,N,N, ,NC_TOMS,POC_DISCOUNT,AVAILABLE_TO,DATE,N, , ,N,13, , , , , , 
NC-TOMS,VHTMA_21000_RDB,POC_DISCOUNT, ,MANUAL_START_DATE_SHIFT,NUMBER,22,0,1,N,N,N, ,NC_TOMS,POC_DISCOUNT,MANUAL_START_DATE_SHIFT,INT64,N, , ,N,14, , , , , , 
NC-TOMS,VHTMA_21000_RDB,POC_DISCOUNT, ,START_DATE_SHIFT,NUMBER,22,0,5,Y,N,N, ,NC_TOMS,POC_DISCOUNT,START_DATE_SHIFT,INT64,N, , ,N,15, , , , , , 
NC-TOMS,VHTMA_21000_RDB,POC_DISCOUNT, ,START_DATE_SHIFT_UNIT_ID,NUMBER,22,0,20,Y,N,N, ,NC_TOMS,POC_DISCOUNT,START_DATE_SHIFT_UNIT_ID,NUMERIC,N, , ,N,16, , , , , , 
NC-TOMS,VHTMA_21000_RDB,POC_DISCOUNT, ,MARKETING_DESCRIPTION,VARCHAR2,2000, , ,Y,N,N, ,NC_TOMS,POC_DISCOUNT,MARKETING_DESCRIPTION,STRING,N, , ,N,17, , , , , , 
NC-TOMS,VHTMA_21000_RDB,POC_DISCOUNT, ,BILLING_DESCRIPTION,VARCHAR2,2000, , ,Y,N,N, ,NC_TOMS,POC_DISCOUNT,BILLING_DESCRIPTION,STRING,N, , ,N,18, , , , , , 
NC-TOMS,VHTMA_21000_RDB,POC_DISCOUNT, ,PSEUDO_EVENT_TYPE_ID,NUMBER,22,0,20,Y,N,N, ,NC_TOMS,POC_DISCOUNT,PSEUDO_EVENT_TYPE_ID,NUMERIC,N, , ,N,19, , , , , , 
NC-TOMS,VHTMA_21000_RDB,POC_DISCOUNT, ,CHANGE_REQUEST_ID,NUMBER,22,0,20,Y,N,N, ,NC_TOMS,POC_DISCOUNT,CHANGE_REQUEST_ID,NUMERIC,N, , ,N,20, , , , , , 
NC-TOMS,VHTMA_21000_RDB,POC_DISCOUNT, ,DISCOUNT_PRODUCT_ID,NUMBER,22,0,20,Y,N,N, ,NC_TOMS,POC_DISCOUNT,DISCOUNT_PRODUCT_ID,NUMERIC,N, , ,N,21, , , , , , 
NC-TOMS,VHTMA_21000_RDB,POC_DISCOUNT, ,EXTERNAL_ID,VARCHAR2,200, , ,Y,N,N, ,NC_TOMS,POC_DISCOUNT,EXTERNAL_ID,STRING,N, , ,N,22, , , , , , 
NC-TOMS,VHTMA_21000_RDB,POC_DISCOUNT, ,IS_BUNDLE_DISCOUNT,NUMBER,22,0,1,Y,N,N, ,NC_TOMS,POC_DISCOUNT,IS_BUNDLE_DISCOUNT,INT64,N, , ,N,23, , , , , , 
NC-TOMS,VHTMA_21000_RDB,POC_DISCOUNT, ,DISCOUNT_TYPE,VARCHAR2,15, , ,Y,N,N, ,NC_TOMS,POC_DISCOUNT,DISCOUNT_TYPE,STRING,N, , ,N,24, , , , , , 
NC-TOMS,VHTMA_21000_RDB,POC_DISCOUNT, ,LEGAL_TEXT_ID,VARCHAR2,100, , ,Y,N,N, ,NC_TOMS,POC_DISCOUNT,LEGAL_TEXT_ID,STRING,N, , ,N,25, , , , , , 
NC-TOMS,VHTMA_21000_RDB,POC_DISCOUNT, ,INSTANCE_QUANTITY,NUMBER,22,0,5,Y,N,N, ,NC_TOMS,POC_DISCOUNT,INSTANCE_QUANTITY,INT64,N, , ,N,26, , , , , , 
NC-TOMS,VHTMA_21000_RDB,POC_DISCOUNT, ,CONTRACT_DEPENDENT_ID,NUMBER,22,0,20,Y,N,N, ,NC_TOMS,POC_DISCOUNT,CONTRACT_DEPENDENT_ID,NUMERIC,N, , ,N,27, , , , , , 
NC-TOMS,VHTMA_21000_RDB,POC_DISCOUNT, ,DYNAMIC_DISCOUNT,VARCHAR2,5, , ,Y,N,N, ,NC_TOMS,POC_DISCOUNT,DYNAMIC_DISCOUNT,STRING,N, , ,N,28, , , , , , 
NC-TOMS,VHTMA_21000_RDB,POC_DISCOUNT, ,AUTO_APPLIED_OFFERING_EXTERNAL_ID,NUMBER,22,0,10,Y,N,N, ,NC_TOMS,POC_DISCOUNT,AUTO_APPLIED_OFFERING_EXTERNAL_ID,INT64,N, , ,N,29, , , , , , 
NC-TOMS,VHTMA_21000_RDB,POC_DISCOUNT, ,DYNAMIC_DISCOUNT_AMOUNT,NUMBER,22,0,10,Y,N,N, ,NC_TOMS,POC_DISCOUNT,DYNAMIC_DISCOUNT_AMOUNT,INT64,N, , ,N,30, , , , , , 
NC-TOMS,VHTMA_21000_RDB,POC_DISCOUNT, ,DYNAMIC_DISCOUNT_PRIORITY,NUMBER,22,0,10,Y,N,N, ,NC_TOMS,POC_DISCOUNT,DYNAMIC_DISCOUNT_PRIORITY,INT64,N, , ,N,31, , , , , , 
NC-TOMS,VHTMA_21000_RDB,POC_DISCOUNT, ,EXPORT_TO_RBM,VARCHAR2,5, , ,Y,N,N, ,NC_TOMS,POC_DISCOUNT,EXPORT_TO_RBM,STRING,N, , ,N,32, , , , , , 
NC-TOMS,VHTMA_21000_RDB,POC_DISCOUNT, ,ETF_TYPE,VARCHAR2,100, , ,Y,N,N, ,NC_TOMS,POC_DISCOUNT,ETF_TYPE,STRING,N, , ,N,33, , , , , , 
NC-TOMS,VHTMA_21000_RDB,POC_DISCOUNT, ,HUNGARIAN_DISCOUNT_NAME,VARCHAR2,100, , ,Y,N,N, ,NC_TOMS,POC_DISCOUNT,HUNGARIAN_DISCOUNT_NAME,STRING,N, , ,N,34, , , , , , 
NC-TOMS,VHTMA_21000_RDB,POC_DISCOUNT, ,,, , , ,N,N,N, ,NC_TOMS,POC_DISCOUNT,TR_FILE_ID,INT64,N, , ,N,1500, , , , , , 
NC-TOMS,VHTMA_21000_RDB,POC_DISCOUNT, ,,, , , ,N,N,N, ,NC_TOMS,POC_DISCOUNT,TR_INSERT_DATETIME,TIMESTAMP,N, , ,N,1600, , , , , , 
NC-TOMS,VHTMA_21000_RDB,POC_DISCOUNT, ,,, , , ,N,N,N, ,NC_TOMS,POC_DISCOUNT,TR_INSERT_ID,INT64,N, , ,N,1700, , , , , , 
NC-TOMS,VHTMA_21000_RDB,POC_DISCOUNT, ,,, , , ,Y,N,N, ,NC_TOMS,POC_DISCOUNT,TR_UPDATE_DATETIME,TIMESTAMP,N, , ,N,1800, , , , , , 
NC-TOMS,VHTMA_21000_RDB,POC_DISCOUNT, ,,, , , ,Y,N,N, ,NC_TOMS,POC_DISCOUNT,TR_UPDATE_ID,INT64,N, , ,N,1900, , , , , , 
NC-TOMS,VHTMA_21000_RDB,POC_DISCOUNT, ,,, , , ,N,N,Y, ,NC_TOMS,POC_DISCOUNT,START_OF_VALIDITY,DATE,Y, , ,N,1000,,,,,,
NC-TOMS,VHTMA_21000_RDB,POC_DISCOUNT, ,,, , , ,N,N,N, ,NC_TOMS,POC_DISCOUNT,END_OF_VALIDITY,DATE,N,,,N,1100,,,,,,
NC-TOMS,VHTMA_21000_RDB,POC_DISCOUNT, ,,, , , ,N,N,N, ,NC_TOMS,POC_DISCOUNT,ACTIVE_FL,STRING,N,,,N,1200,,,,,,
NC-TOMS,VHTMA_21000_RDB,POC_PRICE_ALTERATION, ,PRICE_ALTERATION_ID,NUMBER,22,0,20,N,Y,Y, ,NC_TOMS,POC_PRICE_ALTERATION,PRICE_ALTERATION_ID,NUMERIC,Y, , ,N,1, , , , , , 
NC-TOMS,VHTMA_21000_RDB,POC_PRICE_ALTERATION, ,DISCOUNT_ID,NUMBER,22,0,20,N,N,Y, ,NC_TOMS,POC_PRICE_ALTERATION,DISCOUNT_ID,NUMERIC,N, , ,N,2, , , , , , 
NC-TOMS,VHTMA_21000_RDB,POC_PRICE_ALTERATION, ,PRICE_SPEC_ID,NUMBER,22,0,20,N,N,N, ,NC_TOMS,POC_PRICE_ALTERATION,PRICE_SPEC_ID,NUMERIC,N, , ,N,3, , , , , , 
NC-TOMS,VHTMA_21000_RDB,POC_PRICE_ALTERATION, ,DISCOUNT_AMOUNT,NUMBER,22,4,12,N,N,N, ,NC_TOMS,POC_PRICE_ALTERATION,DISCOUNT_AMOUNT,FLOAT64,N, , ,N,4, , , , , , 
NC-TOMS,VHTMA_21000_RDB,POC_PRICE_ALTERATION, ,MIN_AMOUNT,NUMBER,22,4,12,Y,N,N, ,NC_TOMS,POC_PRICE_ALTERATION,MIN_AMOUNT,FLOAT64,N, , ,N,5, , , , , , 
NC-TOMS,VHTMA_21000_RDB,POC_PRICE_ALTERATION, ,MAX_AMOUNT,NUMBER,22,4,12,Y,N,N, ,NC_TOMS,POC_PRICE_ALTERATION,MAX_AMOUNT,FLOAT64,N, , ,N,6, , , , , , 
NC-TOMS,VHTMA_21000_RDB,POC_PRICE_ALTERATION, ,DISC_AMOUNT_TYPE_VALUE_ID,NUMBER,22,0,20,N,N,N, ,NC_TOMS,POC_PRICE_ALTERATION,DISC_AMOUNT_TYPE_VALUE_ID,NUMERIC,N, , ,N,7, , , , , , 
NC-TOMS,VHTMA_21000_RDB,POC_PRICE_ALTERATION, ,PRORATE,NUMBER,22,0,1,N,N,N, ,NC_TOMS,POC_PRICE_ALTERATION,PRORATE,INT64,N, , ,N,8, , , , , , 
NC-TOMS,VHTMA_21000_RDB,POC_PRICE_ALTERATION, ,REVENUE_CODE_ID,NUMBER,22,0,20,Y,N,N, ,NC_TOMS,POC_PRICE_ALTERATION,REVENUE_CODE_ID,NUMERIC,N, , ,N,9, , , , , , 
NC-TOMS,VHTMA_21000_RDB,POC_PRICE_ALTERATION, ,,, , , ,N,N,N, ,NC_TOMS,POC_PRICE_ALTERATION,TR_FILE_ID,INT64,N, , ,N,1500, , , , , , 
NC-TOMS,VHTMA_21000_RDB,POC_PRICE_ALTERATION, ,,, , , ,N,N,N, ,NC_TOMS,POC_PRICE_ALTERATION,TR_INSERT_DATETIME,TIMESTAMP,N, , ,N,1600, , , , , , 
NC-TOMS,VHTMA_21000_RDB,POC_PRICE_ALTERATION, ,,, , , ,N,N,N, ,NC_TOMS,POC_PRICE_ALTERATION,TR_INSERT_ID,INT64,N, , ,N,1700, , , , , , 
NC-TOMS,VHTMA_21000_RDB,POC_PRICE_ALTERATION, ,,, , , ,Y,N,N, ,NC_TOMS,POC_PRICE_ALTERATION,TR_UPDATE_DATETIME,TIMESTAMP,N, , ,N,1800, , , , , , 
NC-TOMS,VHTMA_21000_RDB,POC_PRICE_ALTERATION, ,,, , , ,Y,N,N, ,NC_TOMS,POC_PRICE_ALTERATION,TR_UPDATE_ID,INT64,N, , ,N,1900, , , , , , 
NC-TOMS,VHTMA_21000_RDB,POC_PRICE_ALTERATION, ,,, , , ,N,N,Y, ,NC_TOMS,POC_PRICE_ALTERATION,START_OF_VALIDITY,DATE,Y, , ,N,1000,,,,,,
NC-TOMS,VHTMA_21000_RDB,POC_PRICE_ALTERATION, ,,, , , ,N,N,N, ,NC_TOMS,POC_PRICE_ALTERATION,END_OF_VALIDITY,DATE,N,,,N,1100,,,,,,
NC-TOMS,VHTMA_21000_RDB,POC_PRICE_ALTERATION, ,,, , , ,N,N,N, ,NC_TOMS,POC_PRICE_ALTERATION,ACTIVE_FL,STRING,N,,,N,1200,,,,,,
NC-TOMS,VHTMA_21000_RDB,POC_PRICE_KEY_CONDITION_SET,,PRICE_ID,NUMBER,22,0,20,N,Y,Y,,NC_TOMS,POC_PRICE_KEY_CONDITION_SET,PRICE_KEY_ID,NUMERIC,Y,,,N,1,,,,,,
NC-TOMS,VHTMA_21000_RDB,POC_PRICE_KEY_CONDITION_SET,,CONDITION_SET_ID,NUMBER,22,0,20,N,Y,Y,,NC_TOMS,POC_PRICE_KEY_CONDITION_SET,CONDITION_SET_ID,NUMERIC,Y,,,N,2,,,,,,
NC-TOMS,VHTMA_21000_RDB,POC_PRICE_KEY_CONDITION_SET,,,,,,,N,N,N,,NC_TOMS,POC_PRICE_KEY_CONDITION_SET,TR_FILE_ID,INT64,N,,,N,1500,,,,,,
NC-TOMS,VHTMA_21000_RDB,POC_PRICE_KEY_CONDITION_SET,,,,,,,N,N,N,,NC_TOMS,POC_PRICE_KEY_CONDITION_SET,TR_INSERT_DATETIME,TIMESTAMP,N,,,N,1600,,,,,,
NC-TOMS,VHTMA_21000_RDB,POC_PRICE_KEY_CONDITION_SET,,,,,,,N,N,N,,NC_TOMS,POC_PRICE_KEY_CONDITION_SET,TR_INSERT_ID,INT64,N,,,N,1700,,,,,,
NC-TOMS,VHTMA_21000_RDB,POC_PRICE_KEY_CONDITION_SET,,,,,,,Y,N,N,,NC_TOMS,POC_PRICE_KEY_CONDITION_SET,TR_UPDATE_DATETIME,TIMESTAMP,N,,,N,1800,,,,,,
NC-TOMS,VHTMA_21000_RDB,POC_PRICE_KEY_CONDITION_SET,,,,,,,Y,N,N,,NC_TOMS,POC_PRICE_KEY_CONDITION_SET,TR_UPDATE_ID,INT64,N,,,N,1900,,,,,,
NC-TOMS,VHTMA_21000_RDB,POC_PRICE_KEY_CONDITION_SET, ,,, , , ,N,N,Y, ,NC_TOMS,POC_PRICE_KEY_CONDITION_SET,START_OF_VALIDITY,DATE,Y, , ,N,1000,,,,,,
NC-TOMS,VHTMA_21000_RDB,POC_PRICE_KEY_CONDITION_SET, ,,, , , ,N,N,N, ,NC_TOMS,POC_PRICE_KEY_CONDITION_SET,END_OF_VALIDITY,DATE,N,,,N,1100,,,,,,
NC-TOMS,VHTMA_21000_RDB,POC_PRICE_KEY_CONDITION_SET, ,,, , , ,N,N,N, ,NC_TOMS,POC_PRICE_KEY_CONDITION_SET,ACTIVE_FL,STRING,N,,,N,1200,,,,,,
NC-TOMS,VHTMA_21000_RDB,POC_PRICE_KEY_TO_TOP, ,PRICE_KEY_ID,NUMBER,22,0,20,N,Y,Y, ,NC_TOMS,POC_PRICE_KEY_TO_TOP,PRICE_KEY_ID,NUMERIC,Y, , ,N,1, , , , , , 
NC-TOMS,VHTMA_21000_RDB,POC_PRICE_KEY_TO_TOP, ,OBJECT_ID,NUMBER,22,0,20,N,Y,Y, ,NC_TOMS,POC_PRICE_KEY_TO_TOP,OBJECT_ID,NUMERIC,Y, , ,N,2, , , , , , 
NC-TOMS,VHTMA_21000_RDB,POC_PRICE_KEY_TO_TOP, ,TYPE_ID,NUMBER,22,0,20,N,N,N, ,NC_TOMS,POC_PRICE_KEY_TO_TOP,TYPE_ID,NUMERIC,N, , ,N,3, , , , , , 
NC-TOMS,VHTMA_21000_RDB,POC_PRICE_KEY_TO_TOP, ,,, , , ,N,N,N, ,NC_TOMS,POC_PRICE_KEY_TO_TOP,TR_FILE_ID,INT64,N, , ,N,1500, , , , , , 
NC-TOMS,VHTMA_21000_RDB,POC_PRICE_KEY_TO_TOP, ,,, , , ,N,N,N, ,NC_TOMS,POC_PRICE_KEY_TO_TOP,TR_INSERT_DATETIME,TIMESTAMP,N, , ,N,1600, , , , , , 
NC-TOMS,VHTMA_21000_RDB,POC_PRICE_KEY_TO_TOP, ,,, , , ,N,N,N, ,NC_TOMS,POC_PRICE_KEY_TO_TOP,TR_INSERT_ID,INT64,N, , ,N,1700, , , , , , 
NC-TOMS,VHTMA_21000_RDB,POC_PRICE_KEY_TO_TOP, ,,, , , ,Y,N,N, ,NC_TOMS,POC_PRICE_KEY_TO_TOP,TR_UPDATE_DATETIME,TIMESTAMP,N, , ,N,1800, , , , , , 
NC-TOMS,VHTMA_21000_RDB,POC_PRICE_KEY_TO_TOP, ,,, , , ,Y,N,N, ,NC_TOMS,POC_PRICE_KEY_TO_TOP,TR_UPDATE_ID,INT64,N, , ,N,1900, , , , , , 
NC-TOMS,VHTMA_21000_RDB,POC_PRICE_KEY_TO_TOP, ,,, , , ,N,N,Y, ,NC_TOMS,POC_PRICE_KEY_TO_TOP,START_OF_VALIDITY,DATE,Y, , ,N,1000,,,,,,
NC-TOMS,VHTMA_21000_RDB,POC_PRICE_KEY_TO_TOP, ,,, , , ,N,N,N, ,NC_TOMS,POC_PRICE_KEY_TO_TOP,END_OF_VALIDITY,DATE,N,,,N,1100,,,,,,
NC-TOMS,VHTMA_21000_RDB,POC_PRICE_KEY_TO_TOP, ,,, , , ,N,N,N, ,NC_TOMS,POC_PRICE_KEY_TO_TOP,ACTIVE_FL,STRING,N,,,N,1200,,,,,,
NC-TOMS,VHTMA_21000_RDB,PRICE_PLAN, ,ID,NUMBER,22,0,20,N,Y,Y, ,NC_TOMS,PRICE_PLAN,ID,NUMERIC,Y, , ,N,1, , , , , , 
NC-TOMS,VHTMA_21000_RDB,PRICE_PLAN, ,PLAIN_PRICE_LIST,NUMBER,22,0,1,Y,N,N, ,NC_TOMS,PRICE_PLAN,PLAIN_PRICE_LIST,INT64,N, , ,N,2, , , , , , 
NC-TOMS,VHTMA_21000_RDB,PRICE_PLAN, ,OBJECT_ID,NUMBER,22,0,20,Y,N,Y, ,NC_TOMS,PRICE_PLAN,OBJECT_ID,NUMERIC,N, , ,N,3, , , , , , 
NC-TOMS,VHTMA_21000_RDB,PRICE_PLAN, ,OBJECT_TYPE_ID,NUMBER,22,0,20,Y,N,N, ,NC_TOMS,PRICE_PLAN,OBJECT_TYPE_ID,NUMERIC,N, , ,N,4, , , , , , 
NC-TOMS,VHTMA_21000_RDB,PRICE_PLAN, ,OBJECT_REV_NUMBER,NUMBER,22,0,20,N,N,N, ,NC_TOMS,PRICE_PLAN,OBJECT_REV_NUMBER,NUMERIC,N, , ,N,5, , , , , , 
NC-TOMS,VHTMA_21000_RDB,PRICE_PLAN, ,SALES_START_DATE,DATE,7, , ,N,N,N, ,NC_TOMS,PRICE_PLAN,SALES_START_DATE,DATE,N, , ,N,6, , , , , , 
NC-TOMS,VHTMA_21000_RDB,PRICE_PLAN, ,SALES_END_DATE,DATE,7, , ,Y,N,N, ,NC_TOMS,PRICE_PLAN,SALES_END_DATE,DATE,N, , ,N,7, , , , , , 
NC-TOMS,VHTMA_21000_RDB,PRICE_PLAN, ,INITIATION_CHARGE_ID,NUMBER,22,0,20,N,N,N, ,NC_TOMS,PRICE_PLAN,INITIATION_CHARGE_ID,NUMERIC,N, , ,N,8, , , , , , 
NC-TOMS,VHTMA_21000_RDB,PRICE_PLAN, ,FINAL_CHARGE_ID,NUMBER,22,0,20,N,N,N, ,NC_TOMS,PRICE_PLAN,FINAL_CHARGE_ID,NUMERIC,N, , ,N,9, , , , , , 
NC-TOMS,VHTMA_21000_RDB,PRICE_PLAN, ,SUSPENSION_CHARGE_ID,NUMBER,22,0,20,N,N,N, ,NC_TOMS,PRICE_PLAN,SUSPENSION_CHARGE_ID,NUMERIC,N, , ,N,10, , , , , , 
NC-TOMS,VHTMA_21000_RDB,PRICE_PLAN, ,REACTIVATION_CHARGE_ID,NUMBER,22,0,20,N,N,N, ,NC_TOMS,PRICE_PLAN,REACTIVATION_CHARGE_ID,NUMERIC,N, , ,N,11, , , , , , 
NC-TOMS,VHTMA_21000_RDB,PRICE_PLAN, ,PERIODIC_CHARGE_ID,NUMBER,22,0,20,N,N,N, ,NC_TOMS,PRICE_PLAN,PERIODIC_CHARGE_ID,NUMERIC,N, , ,N,12, , , , , , 
NC-TOMS,VHTMA_21000_RDB,PRICE_PLAN, ,SUSPENDED_PERIODIC_CHARGE_ID,NUMBER,22,0,20,N,N,N, ,NC_TOMS,PRICE_PLAN,SUSPENDED_PERIODIC_CHARGE_ID,NUMERIC,N, , ,N,13, , , , , , 
NC-TOMS,VHTMA_21000_RDB,PRICE_PLAN, ,CHANGE_REQUEST_ID,NUMBER,22,0,20,Y,N,N, ,NC_TOMS,PRICE_PLAN,CHANGE_REQUEST_ID,NUMERIC,N, , ,N,14, , , , , , 
NC-TOMS,VHTMA_21000_RDB,PRICE_PLAN, ,DISCOUNTED_OFFERING_ID,NUMBER,22,0,20,Y,N,N, ,NC_TOMS,PRICE_PLAN,DISCOUNTED_OFFERING_ID,NUMERIC,N, , ,N,15, , , , , , 
NC-TOMS,VHTMA_21000_RDB,PRICE_PLAN, ,PSEUDO_EVENT_TYPE_ID,NUMBER,22,0,20,Y,N,N, ,NC_TOMS,PRICE_PLAN,PSEUDO_EVENT_TYPE_ID,NUMERIC,N, , ,N,16, , , , , , 
NC-TOMS,VHTMA_21000_RDB,PRICE_PLAN, ,EXTERNAL_PRICE_PLAN_ID,NUMBER,22,0,20,Y,N,Y, ,NC_TOMS,PRICE_PLAN,EXTERNAL_PRICE_PLAN_ID,NUMERIC,N, , ,N,17, , , , , , 
NC-TOMS,VHTMA_21000_RDB,PRICE_PLAN, ,BILLING_CATALOGUE_VERSION_ID,NUMBER,22,0,20,Y,N,N, ,NC_TOMS,PRICE_PLAN,BILLING_CATALOGUE_VERSION_ID,NUMERIC,N, , ,N,18, , , , , , 
NC-TOMS,VHTMA_21000_RDB,PRICE_PLAN, ,FLAT_OBJECT_ID,NUMBER,22,0,20,Y,N,N, ,NC_TOMS,PRICE_PLAN,FLAT_OBJECT_ID,NUMERIC,N, , ,N,19, , , , , , 
NC-TOMS,VHTMA_21000_RDB,PRICE_PLAN, ,,, , , ,N,N,N, ,NC_TOMS,PRICE_PLAN,TR_FILE_ID,INT64,N, , ,N,1500, , , , , , 
NC-TOMS,VHTMA_21000_RDB,PRICE_PLAN, ,,, , , ,N,N,N, ,NC_TOMS,PRICE_PLAN,TR_INSERT_DATETIME,TIMESTAMP,N, , ,N,1600, , , , , , 
NC-TOMS,VHTMA_21000_RDB,PRICE_PLAN, ,,, , , ,N,N,N, ,NC_TOMS,PRICE_PLAN,TR_INSERT_ID,INT64,N, , ,N,1700, , , , , , 
NC-TOMS,VHTMA_21000_RDB,PRICE_PLAN, ,,, , , ,Y,N,N, ,NC_TOMS,PRICE_PLAN,TR_UPDATE_DATETIME,TIMESTAMP,N, , ,N,1800, , , , , , 
NC-TOMS,VHTMA_21000_RDB,PRICE_PLAN, ,,, , , ,Y,N,N, ,NC_TOMS,PRICE_PLAN,TR_UPDATE_ID,INT64,N, , ,N,1900, , , , , , 
NC-TOMS,VHTMA_21000_RDB,PRICE_PLAN, ,,, , , ,N,N,Y, ,NC_TOMS,PRICE_PLAN,START_OF_VALIDITY,DATE,Y, , ,N,1000,,,,,,
NC-TOMS,VHTMA_21000_RDB,PRICE_PLAN, ,,, , , ,N,N,N, ,NC_TOMS,PRICE_PLAN,END_OF_VALIDITY,DATE,N,,,N,1100,,,,,,
NC-TOMS,VHTMA_21000_RDB,PRICE_PLAN, ,,, , , ,N,N,N, ,NC_TOMS,PRICE_PLAN,ACTIVE_FL,STRING,N,,,N,1200,,,,,,
NC-TOMS,VHTMA_21000_RDB,PRICE_STRUCTURE_CONDITION_SETS,,PRICE_ID,NUMBER,22,0,20,N,Y,Y,,NC_TOMS,PRICE_STRUCTURE_CONDITION_SETS,PRICE_ID,NUMERIC,Y,,,N,1,,,,,,
NC-TOMS,VHTMA_21000_RDB,PRICE_STRUCTURE_CONDITION_SETS,,CONDITION_SET_ID,NUMBER,22,0,20,N,Y,Y,,NC_TOMS,PRICE_STRUCTURE_CONDITION_SETS,CONDITION_SET_ID,NUMERIC,Y,,,N,2,,,,,,
NC-TOMS,VHTMA_21000_RDB,PRICE_STRUCTURE_CONDITION_SETS,,,,,,,N,N,N,,NC_TOMS,PRICE_STRUCTURE_CONDITION_SETS,TR_FILE_ID,INT64,N,,,N,1500,,,,,,
NC-TOMS,VHTMA_21000_RDB,PRICE_STRUCTURE_CONDITION_SETS,,,,,,,N,N,N,,NC_TOMS,PRICE_STRUCTURE_CONDITION_SETS,TR_INSERT_DATETIME,TIMESTAMP,N,,,N,1600,,,,,,
NC-TOMS,VHTMA_21000_RDB,PRICE_STRUCTURE_CONDITION_SETS,,,,,,,N,N,N,,NC_TOMS,PRICE_STRUCTURE_CONDITION_SETS,TR_INSERT_ID,INT64,N,,,N,1700,,,,,,
NC-TOMS,VHTMA_21000_RDB,PRICE_STRUCTURE_CONDITION_SETS,,,,,,,Y,N,N,,NC_TOMS,PRICE_STRUCTURE_CONDITION_SETS,TR_UPDATE_DATETIME,TIMESTAMP,N,,,N,1800,,,,,,
NC-TOMS,VHTMA_21000_RDB,PRICE_STRUCTURE_CONDITION_SETS,,,,,,,Y,N,N,,NC_TOMS,PRICE_STRUCTURE_CONDITION_SETS,TR_UPDATE_ID,INT64,N,,,N,1900,,,,,,
NC-TOMS,VHTMA_21000_RDB,PRICE_STRUCTURE_CONDITION_SETS, ,,, , , ,N,N,Y, ,NC_TOMS,PRICE_STRUCTURE_CONDITION_SETS,START_OF_VALIDITY,DATE,Y, , ,N,1000,,,,,,
NC-TOMS,VHTMA_21000_RDB,PRICE_STRUCTURE_CONDITION_SETS, ,,, , , ,N,N,N, ,NC_TOMS,PRICE_STRUCTURE_CONDITION_SETS,END_OF_VALIDITY,DATE,N,,,N,1100,,,,,,
NC-TOMS,VHTMA_21000_RDB,PRICE_STRUCTURE_CONDITION_SETS, ,,, , , ,N,N,N, ,NC_TOMS,PRICE_STRUCTURE_CONDITION_SETS,ACTIVE_FL,STRING,N,,,N,1200,,,,,,
NC-TOMS,VHTMA_21000_RDB,R_AM_SERZD_SHIP_LINE_REC_ITEMS,,SHOW_ORDER,NUMBER,22,0,10,Y,N,N,,NC_TOMS,R_AM_SERZD_SHIP_LINE_REC_ITEMS,SHOW_ORDER,INT64,N,,,N,1,,,,,,
NC-TOMS,VHTMA_21000_RDB,R_AM_SERZD_SHIP_LINE_REC_ITEMS,,OBJECT_ID,NUMBER,22,0,20,N,Y,Y,,NC_TOMS,R_AM_SERZD_SHIP_LINE_REC_ITEMS,OBJECT_ID,NUMERIC,Y,,,N,2,,,,,,
NC-TOMS,VHTMA_21000_RDB,R_AM_SERZD_SHIP_LINE_REC_ITEMS,,VALUE,NUMBER,22,0,20,Y,N,N,,NC_TOMS,R_AM_SERZD_SHIP_LINE_REC_ITEMS,VALUE,NUMERIC,N,,,N,3,,,,,,
NC-TOMS,VHTMA_21000_RDB,R_AM_SERZD_SHIP_LINE_REC_ITEMS,,SOURCE_ROWID,ROWID,10,,,Y,N,Y,,NC_TOMS,R_AM_SERZD_SHIP_LINE_REC_ITEMS,SOURCE_ROWID,STRING,N,,,N,4,,,,,,
NC-TOMS,VHTMA_21000_RDB,R_AM_SERZD_SHIP_LINE_REC_ITEMS,,,,,,,N,N,N,,NC_TOMS,R_AM_SERZD_SHIP_LINE_REC_ITEMS,TR_FILE_ID,INT64,N,,,N,1500,,,,,,
NC-TOMS,VHTMA_21000_RDB,R_AM_SERZD_SHIP_LINE_REC_ITEMS,,,,,,,N,N,N,,NC_TOMS,R_AM_SERZD_SHIP_LINE_REC_ITEMS,TR_INSERT_DATETIME,TIMESTAMP,N,,,N,1600,,,,,,
NC-TOMS,VHTMA_21000_RDB,R_AM_SERZD_SHIP_LINE_REC_ITEMS,,,,,,,N,N,N,,NC_TOMS,R_AM_SERZD_SHIP_LINE_REC_ITEMS,TR_INSERT_ID,INT64,N,,,N,1700,,,,,,
NC-TOMS,VHTMA_21000_RDB,R_AM_SERZD_SHIP_LINE_REC_ITEMS,,,,,,,Y,N,N,,NC_TOMS,R_AM_SERZD_SHIP_LINE_REC_ITEMS,TR_UPDATE_DATETIME,TIMESTAMP,N,,,N,1800,,,,,,
NC-TOMS,VHTMA_21000_RDB,R_AM_SERZD_SHIP_LINE_REC_ITEMS,,,,,,,Y,N,N,,NC_TOMS,R_AM_SERZD_SHIP_LINE_REC_ITEMS,TR_UPDATE_ID,INT64,N,,,N,1900,,,,,,
NC-TOMS,VHTMA_21000_RDB,R_AM_SERZD_SHIP_LINE_REC_ITEMS, ,,, , , ,N,N,Y, ,NC_TOMS,R_AM_SERZD_SHIP_LINE_REC_ITEMS,START_OF_VALIDITY,DATE,Y, , ,N,1000,,,,,,
NC-TOMS,VHTMA_21000_RDB,R_AM_SERZD_SHIP_LINE_REC_ITEMS, ,,, , , ,N,N,N, ,NC_TOMS,R_AM_SERZD_SHIP_LINE_REC_ITEMS,END_OF_VALIDITY,DATE,N,,,N,1100,,,,,,
NC-TOMS,VHTMA_21000_RDB,R_AM_SERZD_SHIP_LINE_REC_ITEMS, ,,, , , ,N,N,N, ,NC_TOMS,R_AM_SERZD_SHIP_LINE_REC_ITEMS,ACTIVE_FL,STRING,N,,,N,1200,,,,,,
NC-TOMS,VHTMA_21000_RDB,R_AM_SI_MODEL,,OBJECT_ID,NUMBER,22,0,20,N,Y,Y,,NC_TOMS,R_AM_SI_MODEL,OBJECT_ID,NUMERIC,Y,,,N,1,,,,,,
NC-TOMS,VHTMA_21000_RDB,R_AM_SI_MODEL,,TYPE_ID,NUMBER,22,0,20,N,N,N,,NC_TOMS,R_AM_SI_MODEL,TYPE_ID,NUMERIC,N,,,N,2,,,,,,
NC-TOMS,VHTMA_21000_RDB,R_AM_SI_MODEL,,NAME,VARCHAR2,200,,,Y,N,N,,NC_TOMS,R_AM_SI_MODEL,NAME,STRING,N,,,Y,3,,,,,,
NC-TOMS,VHTMA_21000_RDB,R_AM_SI_MODEL,,BRAND,NUMBER,22,0,20,Y,N,N,,NC_TOMS,R_AM_SI_MODEL,BRAND,NUMERIC,N,,,N,4,,,,,,
NC-TOMS,VHTMA_21000_RDB,R_AM_SI_MODEL,,COLOR,NUMBER,22,0,20,Y,N,N,,NC_TOMS,R_AM_SI_MODEL,COLOR,NUMERIC,N,,,N,5,,,,,,
NC-TOMS,VHTMA_21000_RDB,R_AM_SI_MODEL,,CREATED_BY,VARCHAR2,4000,,,Y,N,N,,NC_TOMS,R_AM_SI_MODEL,CREATED_BY,STRING,N,,,Y,6,,,,,,
NC-TOMS,VHTMA_21000_RDB,R_AM_SI_MODEL,,CREATED_WHEN,DATE,7,,,Y,N,N,,NC_TOMS,R_AM_SI_MODEL,CREATED_WHEN,TIMESTAMP,N,,,N,7,,,,,,
NC-TOMS,VHTMA_21000_RDB,R_AM_SI_MODEL,,EXT_SUPPLIER,NUMBER,22,0,20,Y,N,N,,NC_TOMS,R_AM_SI_MODEL,EXT_SUPPLIER,NUMERIC,N,,,N,8,,,,,,
NC-TOMS,VHTMA_21000_RDB,R_AM_SI_MODEL,,MODIFIED_BY,VARCHAR2,4000,,,Y,N,N,,NC_TOMS,R_AM_SI_MODEL,MODIFIED_BY,STRING,N,,,Y,9,,,,,,
NC-TOMS,VHTMA_21000_RDB,R_AM_SI_MODEL,,MODIFIED_WHEN,DATE,7,,,Y,N,N,,NC_TOMS,R_AM_SI_MODEL,MODIFIED_WHEN,TIMESTAMP,N,,,N,10,,,,,,
NC-TOMS,VHTMA_21000_RDB,R_AM_SI_MODEL,,PARENT_ID,NUMBER,22,0,20,Y,N,N,,NC_TOMS,R_AM_SI_MODEL,PARENT_ID,NUMERIC,N,,,N,11,,,,,,
NC-TOMS,VHTMA_21000_RDB,R_AM_SI_MODEL,,PROFILE,VARCHAR2,4000,,,Y,N,N,,NC_TOMS,R_AM_SI_MODEL,PROFILE,STRING,N,,,N,12,,,,,,
NC-TOMS,VHTMA_21000_RDB,R_AM_SI_MODEL,,RESERVE_BY_TYPE,VARCHAR2,200,,,Y,N,N,,NC_TOMS,R_AM_SI_MODEL,RESERVE_BY_TYPE,STRING,N,,,N,13,,,,,,
NC-TOMS,VHTMA_21000_RDB,R_AM_SI_MODEL,,SAP_ID,VARCHAR2,4000,,,Y,N,N,,NC_TOMS,R_AM_SI_MODEL,SAP_ID,STRING,N,,,N,14,,,,,,
NC-TOMS,VHTMA_21000_RDB,R_AM_SI_MODEL,,SAP_MATERIAL_GRP,NUMBER,22,0,20,Y,N,N,,NC_TOMS,R_AM_SI_MODEL,SAP_MATERIAL_GRP,NUMERIC,N,,,N,15,,,,,,
NC-TOMS,VHTMA_21000_RDB,R_AM_SI_MODEL,,SAP_MODEL_NAME,VARCHAR2,4000,,,Y,N,N,,NC_TOMS,R_AM_SI_MODEL,SAP_MODEL_NAME,STRING,N,,,N,16,,,,,,
NC-TOMS,VHTMA_21000_RDB,R_AM_SI_MODEL,,SERIALIZED,VARCHAR2,200,,,Y,N,N,,NC_TOMS,R_AM_SI_MODEL,SERIALIZED,STRING,N,,,N,17,,,,,,
NC-TOMS,VHTMA_21000_RDB,R_AM_SI_MODEL,,SPEC_COLOR,NUMBER,22,0,20,Y,N,N,,NC_TOMS,R_AM_SI_MODEL,SPEC_COLOR,NUMERIC,N,,,N,18,,,,,,
NC-TOMS,VHTMA_21000_RDB,R_AM_SI_MODEL,,STATE,VARCHAR2,200,,,Y,N,N,,NC_TOMS,R_AM_SI_MODEL,STATE,STRING,N,,,N,19,,,,,,
NC-TOMS,VHTMA_21000_RDB,R_AM_SI_MODEL,,THRSHLD_FOR_ONLINE_SALE,VARCHAR2,4000,,,Y,N,N,,NC_TOMS,R_AM_SI_MODEL,THRSHLD_FOR_ONLINE_SALE,STRING,N,,,N,20,,,,,,
NC-TOMS,VHTMA_21000_RDB,R_AM_SI_MODEL,,WARRANTY_PRICE_LIMIT,VARCHAR2,4000,,,Y,N,N,,NC_TOMS,R_AM_SI_MODEL,WARRANTY_PRICE_LIMIT,STRING,N,,,N,21,,,,,,
NC-TOMS,VHTMA_21000_RDB,R_AM_SI_MODEL,,WARRANTY_TEMPLATE_ID,VARCHAR2,4000,,,Y,N,N,,NC_TOMS,R_AM_SI_MODEL,WARRANTY_TEMPLATE_ID,STRING,N,,,N,22,,,,,,
NC-TOMS,VHTMA_21000_RDB,R_AM_SI_MODEL,,IS_DEMO,VARCHAR2,200,,,Y,N,N,,NC_TOMS,R_AM_SI_MODEL,IS_DEMO,STRING,N,,,N,23,,,,,,
NC-TOMS,VHTMA_21000_RDB,R_AM_SI_MODEL,,CORRESP_DEMO_MODEL,NUMBER,22,0,20,Y,N,N,,NC_TOMS,R_AM_SI_MODEL,CORRESP_DEMO_MODEL,NUMERIC,N,,,N,24,,,,,,
NC-TOMS,VHTMA_21000_RDB,R_AM_SI_MODEL,,,,,,,N,N,N,,NC_TOMS,R_AM_SI_MODEL,TR_FILE_ID,INT64,N,,,N,1500,,,,,,
NC-TOMS,VHTMA_21000_RDB,R_AM_SI_MODEL,,,,,,,N,N,N,,NC_TOMS,R_AM_SI_MODEL,TR_INSERT_DATETIME,TIMESTAMP,N,,,N,1600,,,,,,
NC-TOMS,VHTMA_21000_RDB,R_AM_SI_MODEL,,,,,,,N,N,N,,NC_TOMS,R_AM_SI_MODEL,TR_INSERT_ID,INT64,N,,,N,1700,,,,,,
NC-TOMS,VHTMA_21000_RDB,R_AM_SI_MODEL,,,,,,,Y,N,N,,NC_TOMS,R_AM_SI_MODEL,TR_UPDATE_DATETIME,TIMESTAMP,N,,,N,1800,,,,,,
NC-TOMS,VHTMA_21000_RDB,R_AM_SI_MODEL,,,,,,,Y,N,N,,NC_TOMS,R_AM_SI_MODEL,TR_UPDATE_ID,INT64,N,,,N,1900,,,,,,
NC-TOMS,VHTMA_21000_RDB,R_AM_SI_MODEL, ,,, , , ,N,N,Y, ,NC_TOMS,R_AM_SI_MODEL,START_OF_VALIDITY,DATE,Y, , ,N,1000,,,,,,
NC-TOMS,VHTMA_21000_RDB,R_AM_SI_MODEL, ,,, , , ,N,N,N, ,NC_TOMS,R_AM_SI_MODEL,END_OF_VALIDITY,DATE,N,,,N,1100,,,,,,
NC-TOMS,VHTMA_21000_RDB,R_AM_SI_MODEL, ,,, , , ,N,N,N, ,NC_TOMS,R_AM_SI_MODEL,ACTIVE_FL,STRING,N,,,N,1200,,,,,,
NC-TOMS,VHTMA_21000_RDB,R_CIM_CUST_INTERACT_CONTACTS,,SHOW_ORDER,NUMBER,22,,,Y,N,N,,NC_TOMS,R_CIM_CUST_INTERACT_CONTACTS,SHOW_ORDER,INT64,N,,,N,1,,,,,,
NC-TOMS,VHTMA_21000_RDB,R_CIM_CUST_INTERACT_CONTACTS,,SOURCE_ROWID,ROWID,10,,,Y,N,N,,NC_TOMS,R_CIM_CUST_INTERACT_CONTACTS,SOURCE_ROWID,STRING,N,,,N,2,,,,,,
NC-TOMS,VHTMA_21000_RDB,R_CIM_CUST_INTERACT_CONTACTS,,OBJECT_ID,NUMBER,22,,,Y,Y,N,,NC_TOMS,R_CIM_CUST_INTERACT_CONTACTS,OBJECT_ID,NUMERIC,Y,,,N,3,,,,,,
NC-TOMS,VHTMA_21000_RDB,R_CIM_CUST_INTERACT_CONTACTS,,VALUE,NUMBER,22,,,Y,N,N,,NC_TOMS,R_CIM_CUST_INTERACT_CONTACTS,VALUE,NUMERIC,N,,,N,4,,,,,,
NC-TOMS,VHTMA_21000_RDB,R_CIM_CUST_INTERACT_CONTACTS,,,,,,,N,N,N,,NC_TOMS,R_CIM_CUST_INTERACT_CONTACTS,TR_FILE_ID,INT64,N,,,N,1500,,,,,,
NC-TOMS,VHTMA_21000_RDB,R_CIM_CUST_INTERACT_CONTACTS,,,,,,,N,N,N,,NC_TOMS,R_CIM_CUST_INTERACT_CONTACTS,TR_INSERT_DATETIME,TIMESTAMP,N,,,N,1600,,,,,,
NC-TOMS,VHTMA_21000_RDB,R_CIM_CUST_INTERACT_CONTACTS,,,,,,,N,N,N,,NC_TOMS,R_CIM_CUST_INTERACT_CONTACTS,TR_INSERT_ID,INT64,N,,,N,1700,,,,,,
NC-TOMS,VHTMA_21000_RDB,R_CIM_CUST_INTERACT_CONTACTS,,,,,,,Y,N,N,,NC_TOMS,R_CIM_CUST_INTERACT_CONTACTS,TR_UPDATE_DATETIME,TIMESTAMP,N,,,N,1800,,,,,,
NC-TOMS,VHTMA_21000_RDB,R_CIM_CUST_INTERACT_CONTACTS,,,,,,,Y,N,N,,NC_TOMS,R_CIM_CUST_INTERACT_CONTACTS,TR_UPDATE_ID,INT64,N,,,N,1900,,,,,,
NC-TOMS,VHTMA_21000_RDB,R_CIM_CUST_INTERACT_CONTACTS, ,,, , , ,N,N,Y, ,NC_TOMS,R_CIM_CUST_INTERACT_CONTACTS,START_OF_VALIDITY,DATE,Y, , ,N,1000,,,,,,
NC-TOMS,VHTMA_21000_RDB,R_CIM_CUST_INTERACT_CONTACTS, ,,, , , ,N,N,N, ,NC_TOMS,R_CIM_CUST_INTERACT_CONTACTS,END_OF_VALIDITY,DATE,N,,,N,1100,,,,,,
NC-TOMS,VHTMA_21000_RDB,R_CIM_CUST_INTERACT_CONTACTS, ,,, , , ,N,N,N, ,NC_TOMS,R_CIM_CUST_INTERACT_CONTACTS,ACTIVE_FL,STRING,N,,,N,1200,,,,,,
NC-TOMS,VHTMA_21000_RDB,R_CPM_CUST_INC_TKT_MS_MK,,SHOW_ORDER,NUMBER,22,0,10,Y,N,N,,NC_TOMS,R_CPM_CUST_INC_TKT_MS_MK,SHOW_ORDER,INT64,N,,,N,1,,,,,,
NC-TOMS,VHTMA_21000_RDB,R_CPM_CUST_INC_TKT_MS_MK,,OBJECT_ID,NUMBER,22,0,20,N,Y,Y,,NC_TOMS,R_CPM_CUST_INC_TKT_MS_MK,OBJECT_ID,NUMERIC,Y,,,N,2,,,,,,
NC-TOMS,VHTMA_21000_RDB,R_CPM_CUST_INC_TKT_MS_MK,,VALUE,NUMBER,22,0,20,Y,N,N,,NC_TOMS,R_CPM_CUST_INC_TKT_MS_MK,VALUE,NUMERIC,N,,,N,3,,,,,,
NC-TOMS,VHTMA_21000_RDB,R_CPM_CUST_INC_TKT_MS_MK,,SOURCE_ROWID,ROWID,10,,,Y,N,Y,,NC_TOMS,R_CPM_CUST_INC_TKT_MS_MK,SOURCE_ROWID,STRING,N,,,N,4,,,,,,
NC-TOMS,VHTMA_21000_RDB,R_CPM_CUST_INC_TKT_MS_MK,,,,,,,N,N,N,,NC_TOMS,R_CPM_CUST_INC_TKT_MS_MK,TR_FILE_ID,INT64,N,,,N,1500,,,,,,
NC-TOMS,VHTMA_21000_RDB,R_CPM_CUST_INC_TKT_MS_MK,,,,,,,N,N,N,,NC_TOMS,R_CPM_CUST_INC_TKT_MS_MK,TR_INSERT_DATETIME,TIMESTAMP,N,,,N,1600,,,,,,
NC-TOMS,VHTMA_21000_RDB,R_CPM_CUST_INC_TKT_MS_MK,,,,,,,N,N,N,,NC_TOMS,R_CPM_CUST_INC_TKT_MS_MK,TR_INSERT_ID,INT64,N,,,N,1700,,,,,,
NC-TOMS,VHTMA_21000_RDB,R_CPM_CUST_INC_TKT_MS_MK,,,,,,,Y,N,N,,NC_TOMS,R_CPM_CUST_INC_TKT_MS_MK,TR_UPDATE_DATETIME,TIMESTAMP,N,,,N,1800,,,,,,
NC-TOMS,VHTMA_21000_RDB,R_CPM_CUST_INC_TKT_MS_MK,,,,,,,Y,N,N,,NC_TOMS,R_CPM_CUST_INC_TKT_MS_MK,TR_UPDATE_ID,INT64,N,,,N,1900,,,,,,
NC-TOMS,VHTMA_21000_RDB,R_CPM_CUST_INC_TKT_MS_MK, ,,, , , ,N,N,Y, ,NC_TOMS,R_CPM_CUST_INC_TKT_MS_MK,START_OF_VALIDITY,DATE,Y, , ,N,1000,,,,,,
NC-TOMS,VHTMA_21000_RDB,R_CPM_CUST_INC_TKT_MS_MK, ,,, , , ,N,N,N, ,NC_TOMS,R_CPM_CUST_INC_TKT_MS_MK,END_OF_VALIDITY,DATE,N,,,N,1100,,,,,,
NC-TOMS,VHTMA_21000_RDB,R_CPM_CUST_INC_TKT_MS_MK, ,,, , , ,N,N,N, ,NC_TOMS,R_CPM_CUST_INC_TKT_MS_MK,ACTIVE_FL,STRING,N,,,N,1200,,,,,,
NC-TOMS,VHTMA_21000_RDB,R_CPM_CUST_INC_TKT_MS_TG,,SHOW_ORDER,NUMBER,22,0,10,Y,N,N,,NC_TOMS,R_CPM_CUST_INC_TKT_MS_TG,SHOW_ORDER,INT64,N,,,N,1,,,,,,
NC-TOMS,VHTMA_21000_RDB,R_CPM_CUST_INC_TKT_MS_TG,,OBJECT_ID,NUMBER,22,0,20,N,Y,Y,,NC_TOMS,R_CPM_CUST_INC_TKT_MS_TG,OBJECT_ID,NUMERIC,Y,,,N,2,,,,,,
NC-TOMS,VHTMA_21000_RDB,R_CPM_CUST_INC_TKT_MS_TG,,VALUE,NUMBER,22,0,20,Y,N,N,,NC_TOMS,R_CPM_CUST_INC_TKT_MS_TG,VALUE,NUMERIC,N,,,N,3,,,,,,
NC-TOMS,VHTMA_21000_RDB,R_CPM_CUST_INC_TKT_MS_TG,,SOURCE_ROWID,ROWID,10,,,Y,N,Y,,NC_TOMS,R_CPM_CUST_INC_TKT_MS_TG,SOURCE_ROWID,STRING,N,,,N,4,,,,,,
NC-TOMS,VHTMA_21000_RDB,R_CPM_CUST_INC_TKT_MS_TG,,,,,,,N,N,N,,NC_TOMS,R_CPM_CUST_INC_TKT_MS_TG,TR_FILE_ID,INT64,N,,,N,1500,,,,,,
NC-TOMS,VHTMA_21000_RDB,R_CPM_CUST_INC_TKT_MS_TG,,,,,,,N,N,N,,NC_TOMS,R_CPM_CUST_INC_TKT_MS_TG,TR_INSERT_DATETIME,TIMESTAMP,N,,,N,1600,,,,,,
NC-TOMS,VHTMA_21000_RDB,R_CPM_CUST_INC_TKT_MS_TG,,,,,,,N,N,N,,NC_TOMS,R_CPM_CUST_INC_TKT_MS_TG,TR_INSERT_ID,INT64,N,,,N,1700,,,,,,
NC-TOMS,VHTMA_21000_RDB,R_CPM_CUST_INC_TKT_MS_TG,,,,,,,Y,N,N,,NC_TOMS,R_CPM_CUST_INC_TKT_MS_TG,TR_UPDATE_DATETIME,TIMESTAMP,N,,,N,1800,,,,,,
NC-TOMS,VHTMA_21000_RDB,R_CPM_CUST_INC_TKT_MS_TG,,,,,,,Y,N,N,,NC_TOMS,R_CPM_CUST_INC_TKT_MS_TG,TR_UPDATE_ID,INT64,N,,,N,1900,,,,,,
NC-TOMS,VHTMA_21000_RDB,R_CPM_CUST_INC_TKT_MS_TG, ,,, , , ,N,N,Y, ,NC_TOMS,R_CPM_CUST_INC_TKT_MS_TG,START_OF_VALIDITY,DATE,Y, , ,N,1000,,,,,,
NC-TOMS,VHTMA_21000_RDB,R_CPM_CUST_INC_TKT_MS_TG, ,,, , , ,N,N,N, ,NC_TOMS,R_CPM_CUST_INC_TKT_MS_TG,END_OF_VALIDITY,DATE,N,,,N,1100,,,,,,
NC-TOMS,VHTMA_21000_RDB,R_CPM_CUST_INC_TKT_MS_TG, ,,, , , ,N,N,N, ,NC_TOMS,R_CPM_CUST_INC_TKT_MS_TG,ACTIVE_FL,STRING,N,,,N,1200,,,,,,
NC-TOMS,VHTMA_21000_RDB,R_CPM_CUST_PROBL_TKT_MS_MK,,SHOW_ORDER,NUMBER,22,0,10,Y,N,N,,NC_TOMS,R_CPM_CUST_PROBL_TKT_MS_MK,SHOW_ORDER,NUMERIC,N,,,N,1,,,,,,
NC-TOMS,VHTMA_21000_RDB,R_CPM_CUST_PROBL_TKT_MS_MK,,OBJECT_ID,NUMBER,22,0,20,N,Y,Y,,NC_TOMS,R_CPM_CUST_PROBL_TKT_MS_MK,OBJECT_ID,NUMERIC,Y,,,N,2,,,,,,
NC-TOMS,VHTMA_21000_RDB,R_CPM_CUST_PROBL_TKT_MS_MK,,VALUE,NUMBER,22,0,20,Y,N,N,,NC_TOMS,R_CPM_CUST_PROBL_TKT_MS_MK,VALUE,NUMERIC,N,,,N,3,,,,,,
NC-TOMS,VHTMA_21000_RDB,R_CPM_CUST_PROBL_TKT_MS_MK,,SOURCE_ROWID,ROWID,10,,,Y,N,Y,,NC_TOMS,R_CPM_CUST_PROBL_TKT_MS_MK,SOURCE_ROWID,STRING,N,,,N,4,,,,,,
NC-TOMS,VHTMA_21000_RDB,R_CPM_CUST_PROBL_TKT_MS_MK,,,,,,,N,N,N,,NC_TOMS,R_CPM_CUST_PROBL_TKT_MS_MK,TR_FILE_ID,INT64,N,,,N,1500,,,,,,
NC-TOMS,VHTMA_21000_RDB,R_CPM_CUST_PROBL_TKT_MS_MK,,,,,,,N,N,N,,NC_TOMS,R_CPM_CUST_PROBL_TKT_MS_MK,TR_INSERT_DATETIME,TIMESTAMP,N,,,N,1600,,,,,,
NC-TOMS,VHTMA_21000_RDB,R_CPM_CUST_PROBL_TKT_MS_MK,,,,,,,N,N,N,,NC_TOMS,R_CPM_CUST_PROBL_TKT_MS_MK,TR_INSERT_ID,INT64,N,,,N,1700,,,,,,
NC-TOMS,VHTMA_21000_RDB,R_CPM_CUST_PROBL_TKT_MS_MK,,,,,,,Y,N,N,,NC_TOMS,R_CPM_CUST_PROBL_TKT_MS_MK,TR_UPDATE_DATETIME,TIMESTAMP,N,,,N,1800,,,,,,
NC-TOMS,VHTMA_21000_RDB,R_CPM_CUST_PROBL_TKT_MS_MK,,,,,,,Y,N,N,,NC_TOMS,R_CPM_CUST_PROBL_TKT_MS_MK,TR_UPDATE_ID,INT64,N,,,N,1900,,,,,,
NC-TOMS,VHTMA_21000_RDB,R_CPM_CUST_PROBL_TKT_MS_MK, ,,, , , ,N,N,Y, ,NC_TOMS,R_CPM_CUST_PROBL_TKT_MS_MK,START_OF_VALIDITY,DATE,Y, , ,N,1000,,,,,,
NC-TOMS,VHTMA_21000_RDB,R_CPM_CUST_PROBL_TKT_MS_MK, ,,, , , ,N,N,N, ,NC_TOMS,R_CPM_CUST_PROBL_TKT_MS_MK,END_OF_VALIDITY,DATE,N,,,N,1100,,,,,,
NC-TOMS,VHTMA_21000_RDB,R_CPM_CUST_PROBL_TKT_MS_MK, ,,, , , ,N,N,N, ,NC_TOMS,R_CPM_CUST_PROBL_TKT_MS_MK,ACTIVE_FL,STRING,N,,,N,1200,,,,,,
NC-TOMS,VHTMA_21000_RDB,R_CPM_CUST_PROBL_TKT_MS_TG,,SHOW_ORDER,NUMBER,22,0,10,Y,N,N,,NC_TOMS,R_CPM_CUST_PROBL_TKT_MS_TG,SHOW_ORDER,NUMERIC,N,,,N,1,,,,,,
NC-TOMS,VHTMA_21000_RDB,R_CPM_CUST_PROBL_TKT_MS_TG,,OBJECT_ID,NUMBER,22,0,20,N,Y,Y,,NC_TOMS,R_CPM_CUST_PROBL_TKT_MS_TG,OBJECT_ID,NUMERIC,Y,,,N,2,,,,,,
NC-TOMS,VHTMA_21000_RDB,R_CPM_CUST_PROBL_TKT_MS_TG,,VALUE,NUMBER,22,0,20,Y,N,N,,NC_TOMS,R_CPM_CUST_PROBL_TKT_MS_TG,VALUE,NUMERIC,N,,,N,3,,,,,,
NC-TOMS,VHTMA_21000_RDB,R_CPM_CUST_PROBL_TKT_MS_TG,,SOURCE_ROWID,ROWID,10,,,Y,N,Y,,NC_TOMS,R_CPM_CUST_PROBL_TKT_MS_TG,SOURCE_ROWID,STRING,N,,,N,4,,,,,,
NC-TOMS,VHTMA_21000_RDB,R_CPM_CUST_PROBL_TKT_MS_TG,,,,,,,N,N,N,,NC_TOMS,R_CPM_CUST_PROBL_TKT_MS_TG,TR_FILE_ID,INT64,N,,,N,1500,,,,,,
NC-TOMS,VHTMA_21000_RDB,R_CPM_CUST_PROBL_TKT_MS_TG,,,,,,,N,N,N,,NC_TOMS,R_CPM_CUST_PROBL_TKT_MS_TG,TR_INSERT_DATETIME,TIMESTAMP,N,,,N,1600,,,,,,
NC-TOMS,VHTMA_21000_RDB,R_CPM_CUST_PROBL_TKT_MS_TG,,,,,,,N,N,N,,NC_TOMS,R_CPM_CUST_PROBL_TKT_MS_TG,TR_INSERT_ID,INT64,N,,,N,1700,,,,,,
NC-TOMS,VHTMA_21000_RDB,R_CPM_CUST_PROBL_TKT_MS_TG,,,,,,,Y,N,N,,NC_TOMS,R_CPM_CUST_PROBL_TKT_MS_TG,TR_UPDATE_DATETIME,TIMESTAMP,N,,,N,1800,,,,,,
NC-TOMS,VHTMA_21000_RDB,R_CPM_CUST_PROBL_TKT_MS_TG,,,,,,,Y,N,N,,NC_TOMS,R_CPM_CUST_PROBL_TKT_MS_TG,TR_UPDATE_ID,INT64,N,,,N,1900,,,,,,
NC-TOMS,VHTMA_21000_RDB,R_CPM_CUST_PROBL_TKT_MS_TG, ,,, , , ,N,N,Y, ,NC_TOMS,R_CPM_CUST_PROBL_TKT_MS_TG,START_OF_VALIDITY,DATE,Y, , ,N,1000,,,,,,
NC-TOMS,VHTMA_21000_RDB,R_CPM_CUST_PROBL_TKT_MS_TG, ,,, , , ,N,N,N, ,NC_TOMS,R_CPM_CUST_PROBL_TKT_MS_TG,END_OF_VALIDITY,DATE,N,,,N,1100,,,,,,
NC-TOMS,VHTMA_21000_RDB,R_CPM_CUST_PROBL_TKT_MS_TG, ,,, , , ,N,N,N, ,NC_TOMS,R_CPM_CUST_PROBL_TKT_MS_TG,ACTIVE_FL,STRING,N,,,N,1200,,,,,,
NC-TOMS,VHTMA_21000_RDB,R_CPM_NON_CUST_PROBL_TKT_MS_MK,,SHOW_ORDER,NUMBER,22,0,10,Y,N,N,,NC_TOMS,R_CPM_NON_CUST_PROBL_TKT_MS_MK,SHOW_ORDER,NUMERIC,N,,,N,1,,,,,,
NC-TOMS,VHTMA_21000_RDB,R_CPM_NON_CUST_PROBL_TKT_MS_MK,,OBJECT_ID,NUMBER,22,0,20,N,Y,Y,,NC_TOMS,R_CPM_NON_CUST_PROBL_TKT_MS_MK,OBJECT_ID,NUMERIC,Y,,,N,2,,,,,,
NC-TOMS,VHTMA_21000_RDB,R_CPM_NON_CUST_PROBL_TKT_MS_MK,,VALUE,NUMBER,22,0,20,Y,N,N,,NC_TOMS,R_CPM_NON_CUST_PROBL_TKT_MS_MK,VALUE,NUMERIC,N,,,N,3,,,,,,
NC-TOMS,VHTMA_21000_RDB,R_CPM_NON_CUST_PROBL_TKT_MS_MK,,SOURCE_ROWID,ROWID,10,,,Y,N,Y,,NC_TOMS,R_CPM_NON_CUST_PROBL_TKT_MS_MK,SOURCE_ROWID,STRING,N,,,N,4,,,,,,
NC-TOMS,VHTMA_21000_RDB,R_CPM_NON_CUST_PROBL_TKT_MS_MK,,,,,,,N,N,N,,NC_TOMS,R_CPM_NON_CUST_PROBL_TKT_MS_MK,TR_FILE_ID,INT64,N,,,N,1500,,,,,,
NC-TOMS,VHTMA_21000_RDB,R_CPM_NON_CUST_PROBL_TKT_MS_MK,,,,,,,N,N,N,,NC_TOMS,R_CPM_NON_CUST_PROBL_TKT_MS_MK,TR_INSERT_DATETIME,TIMESTAMP,N,,,N,1600,,,,,,
NC-TOMS,VHTMA_21000_RDB,R_CPM_NON_CUST_PROBL_TKT_MS_MK,,,,,,,N,N,N,,NC_TOMS,R_CPM_NON_CUST_PROBL_TKT_MS_MK,TR_INSERT_ID,INT64,N,,,N,1700,,,,,,
NC-TOMS,VHTMA_21000_RDB,R_CPM_NON_CUST_PROBL_TKT_MS_MK,,,,,,,Y,N,N,,NC_TOMS,R_CPM_NON_CUST_PROBL_TKT_MS_MK,TR_UPDATE_DATETIME,TIMESTAMP,N,,,N,1800,,,,,,
NC-TOMS,VHTMA_21000_RDB,R_CPM_NON_CUST_PROBL_TKT_MS_MK,,,,,,,Y,N,N,,NC_TOMS,R_CPM_NON_CUST_PROBL_TKT_MS_MK,TR_UPDATE_ID,INT64,N,,,N,1900,,,,,,
NC-TOMS,VHTMA_21000_RDB,R_CPM_NON_CUST_PROBL_TKT_MS_MK, ,,, , , ,N,N,Y, ,NC_TOMS,R_CPM_NON_CUST_PROBL_TKT_MS_MK,START_OF_VALIDITY,DATE,Y, , ,N,1000,,,,,,
NC-TOMS,VHTMA_21000_RDB,R_CPM_NON_CUST_PROBL_TKT_MS_MK, ,,, , , ,N,N,N, ,NC_TOMS,R_CPM_NON_CUST_PROBL_TKT_MS_MK,END_OF_VALIDITY,DATE,N,,,N,1100,,,,,,
NC-TOMS,VHTMA_21000_RDB,R_CPM_NON_CUST_PROBL_TKT_MS_MK, ,,, , , ,N,N,N, ,NC_TOMS,R_CPM_NON_CUST_PROBL_TKT_MS_MK,ACTIVE_FL,STRING,N,,,N,1200,,,,,,
NC-TOMS,VHTMA_21000_RDB,R_CPM_NON_CUST_PROBL_TKT_MS_TG,,SHOW_ORDER,NUMBER,22,0,10,Y,N,N,,NC_TOMS,R_CPM_NON_CUST_PROBL_TKT_MS_TG,SHOW_ORDER,NUMERIC,N,,,N,1,,,,,,
NC-TOMS,VHTMA_21000_RDB,R_CPM_NON_CUST_PROBL_TKT_MS_TG,,OBJECT_ID,NUMBER,22,0,20,N,Y,Y,,NC_TOMS,R_CPM_NON_CUST_PROBL_TKT_MS_TG,OBJECT_ID,NUMERIC,Y,,,N,2,,,,,,
NC-TOMS,VHTMA_21000_RDB,R_CPM_NON_CUST_PROBL_TKT_MS_TG,,VALUE,NUMBER,22,0,20,Y,N,N,,NC_TOMS,R_CPM_NON_CUST_PROBL_TKT_MS_TG,VALUE,NUMERIC,N,,,N,3,,,,,,
NC-TOMS,VHTMA_21000_RDB,R_CPM_NON_CUST_PROBL_TKT_MS_TG,,SOURCE_ROWID,ROWID,10,,,Y,N,Y,,NC_TOMS,R_CPM_NON_CUST_PROBL_TKT_MS_TG,SOURCE_ROWID,STRING,N,,,N,4,,,,,,
NC-TOMS,VHTMA_21000_RDB,R_CPM_NON_CUST_PROBL_TKT_MS_TG,,,,,,,N,N,N,,NC_TOMS,R_CPM_NON_CUST_PROBL_TKT_MS_TG,TR_FILE_ID,INT64,N,,,N,1500,,,,,,
NC-TOMS,VHTMA_21000_RDB,R_CPM_NON_CUST_PROBL_TKT_MS_TG,,,,,,,N,N,N,,NC_TOMS,R_CPM_NON_CUST_PROBL_TKT_MS_TG,TR_INSERT_DATETIME,TIMESTAMP,N,,,N,1600,,,,,,
NC-TOMS,VHTMA_21000_RDB,R_CPM_NON_CUST_PROBL_TKT_MS_TG,,,,,,,N,N,N,,NC_TOMS,R_CPM_NON_CUST_PROBL_TKT_MS_TG,TR_INSERT_ID,INT64,N,,,N,1700,,,,,,
NC-TOMS,VHTMA_21000_RDB,R_CPM_NON_CUST_PROBL_TKT_MS_TG,,,,,,,Y,N,N,,NC_TOMS,R_CPM_NON_CUST_PROBL_TKT_MS_TG,TR_UPDATE_DATETIME,TIMESTAMP,N,,,N,1800,,,,,,
NC-TOMS,VHTMA_21000_RDB,R_CPM_NON_CUST_PROBL_TKT_MS_TG,,,,,,,Y,N,N,,NC_TOMS,R_CPM_NON_CUST_PROBL_TKT_MS_TG,TR_UPDATE_ID,INT64,N,,,N,1900,,,,,,
NC-TOMS,VHTMA_21000_RDB,R_CPM_NON_CUST_PROBL_TKT_MS_TG, ,,, , , ,N,N,Y, ,NC_TOMS,R_CPM_NON_CUST_PROBL_TKT_MS_TG,START_OF_VALIDITY,DATE,Y, , ,N,1000,,,,,,
NC-TOMS,VHTMA_21000_RDB,R_CPM_NON_CUST_PROBL_TKT_MS_TG, ,,, , , ,N,N,N, ,NC_TOMS,R_CPM_NON_CUST_PROBL_TKT_MS_TG,END_OF_VALIDITY,DATE,N,,,N,1100,,,,,,
NC-TOMS,VHTMA_21000_RDB,R_CPM_NON_CUST_PROBL_TKT_MS_TG, ,,, , , ,N,N,N, ,NC_TOMS,R_CPM_NON_CUST_PROBL_TKT_MS_TG,ACTIVE_FL,STRING,N,,,N,1200,,,,,,
NC-TOMS,VHTMA_21000_RDB,R_CPM_PROBL_TKT_MS_MK,,SHOW_ORDER,NUMBER,22,0,10,Y,N,N,,NC_TOMS,R_CPM_PROBL_TKT_MS_MK,SHOW_ORDER,NUMERIC,N,,,N,1,,,,,,
NC-TOMS,VHTMA_21000_RDB,R_CPM_PROBL_TKT_MS_MK,,OBJECT_ID,NUMBER,22,0,20,N,Y,Y,,NC_TOMS,R_CPM_PROBL_TKT_MS_MK,OBJECT_ID,NUMERIC,Y,,,N,2,,,,,,
NC-TOMS,VHTMA_21000_RDB,R_CPM_PROBL_TKT_MS_MK,,VALUE,NUMBER,22,0,20,Y,N,N,,NC_TOMS,R_CPM_PROBL_TKT_MS_MK,VALUE,NUMERIC,N,,,N,3,,,,,,
NC-TOMS,VHTMA_21000_RDB,R_CPM_PROBL_TKT_MS_MK,,SOURCE_ROWID,ROWID,10,,,Y,N,Y,,NC_TOMS,R_CPM_PROBL_TKT_MS_MK,SOURCE_ROWID,STRING,N,,,N,4,,,,,,
NC-TOMS,VHTMA_21000_RDB,R_CPM_PROBL_TKT_MS_MK,,,,,,,N,N,N,,NC_TOMS,R_CPM_PROBL_TKT_MS_MK,TR_FILE_ID,INT64,N,,,N,1500,,,,,,
NC-TOMS,VHTMA_21000_RDB,R_CPM_PROBL_TKT_MS_MK,,,,,,,N,N,N,,NC_TOMS,R_CPM_PROBL_TKT_MS_MK,TR_INSERT_DATETIME,TIMESTAMP,N,,,N,1600,,,,,,
NC-TOMS,VHTMA_21000_RDB,R_CPM_PROBL_TKT_MS_MK,,,,,,,N,N,N,,NC_TOMS,R_CPM_PROBL_TKT_MS_MK,TR_INSERT_ID,INT64,N,,,N,1700,,,,,,
NC-TOMS,VHTMA_21000_RDB,R_CPM_PROBL_TKT_MS_MK,,,,,,,Y,N,N,,NC_TOMS,R_CPM_PROBL_TKT_MS_MK,TR_UPDATE_DATETIME,TIMESTAMP,N,,,N,1800,,,,,,
NC-TOMS,VHTMA_21000_RDB,R_CPM_PROBL_TKT_MS_MK,,,,,,,Y,N,N,,NC_TOMS,R_CPM_PROBL_TKT_MS_MK,TR_UPDATE_ID,INT64,N,,,N,1900,,,,,,
NC-TOMS,VHTMA_21000_RDB,R_CPM_PROBL_TKT_MS_MK, ,,, , , ,N,N,Y, ,NC_TOMS,R_CPM_PROBL_TKT_MS_MK,START_OF_VALIDITY,DATE,Y, , ,N,1000,,,,,,
NC-TOMS,VHTMA_21000_RDB,R_CPM_PROBL_TKT_MS_MK, ,,, , , ,N,N,N, ,NC_TOMS,R_CPM_PROBL_TKT_MS_MK,END_OF_VALIDITY,DATE,N,,,N,1100,,,,,,
NC-TOMS,VHTMA_21000_RDB,R_CPM_PROBL_TKT_MS_MK, ,,, , , ,N,N,N, ,NC_TOMS,R_CPM_PROBL_TKT_MS_MK,ACTIVE_FL,STRING,N,,,N,1200,,,,,,
NC-TOMS,VHTMA_21000_RDB,R_CPM_PROBL_TKT_MS_TG,,SHOW_ORDER,NUMBER,22,0,10,Y,N,N,,NC_TOMS,R_CPM_PROBL_TKT_MS_TG,SHOW_ORDER,NUMERIC,N,,,N,1,,,,,,
NC-TOMS,VHTMA_21000_RDB,R_CPM_PROBL_TKT_MS_TG,,OBJECT_ID,NUMBER,22,0,20,N,Y,Y,,NC_TOMS,R_CPM_PROBL_TKT_MS_TG,OBJECT_ID,NUMERIC,Y,,,N,2,,,,,,
NC-TOMS,VHTMA_21000_RDB,R_CPM_PROBL_TKT_MS_TG,,VALUE,NUMBER,22,0,20,Y,N,N,,NC_TOMS,R_CPM_PROBL_TKT_MS_TG,VALUE,NUMERIC,N,,,N,3,,,,,,
NC-TOMS,VHTMA_21000_RDB,R_CPM_PROBL_TKT_MS_TG,,SOURCE_ROWID,ROWID,10,,,Y,N,Y,,NC_TOMS,R_CPM_PROBL_TKT_MS_TG,SOURCE_ROWID,STRING,N,,,N,4,,,,,,
NC-TOMS,VHTMA_21000_RDB,R_CPM_PROBL_TKT_MS_TG,,,,,,,N,N,N,,NC_TOMS,R_CPM_PROBL_TKT_MS_TG,TR_FILE_ID,INT64,N,,,N,1500,,,,,,
NC-TOMS,VHTMA_21000_RDB,R_CPM_PROBL_TKT_MS_TG,,,,,,,N,N,N,,NC_TOMS,R_CPM_PROBL_TKT_MS_TG,TR_INSERT_DATETIME,TIMESTAMP,N,,,N,1600,,,,,,
NC-TOMS,VHTMA_21000_RDB,R_CPM_PROBL_TKT_MS_TG,,,,,,,N,N,N,,NC_TOMS,R_CPM_PROBL_TKT_MS_TG,TR_INSERT_ID,INT64,N,,,N,1700,,,,,,
NC-TOMS,VHTMA_21000_RDB,R_CPM_PROBL_TKT_MS_TG,,,,,,,Y,N,N,,NC_TOMS,R_CPM_PROBL_TKT_MS_TG,TR_UPDATE_DATETIME,TIMESTAMP,N,,,N,1800,,,,,,
NC-TOMS,VHTMA_21000_RDB,R_CPM_PROBL_TKT_MS_TG,,,,,,,Y,N,N,,NC_TOMS,R_CPM_PROBL_TKT_MS_TG,TR_UPDATE_ID,INT64,N,,,N,1900,,,,,,
NC-TOMS,VHTMA_21000_RDB,R_CPM_PROBL_TKT_MS_TG, ,,, , , ,N,N,Y, ,NC_TOMS,R_CPM_PROBL_TKT_MS_TG,START_OF_VALIDITY,DATE,Y, , ,N,1000,,,,,,
NC-TOMS,VHTMA_21000_RDB,R_CPM_PROBL_TKT_MS_TG, ,,, , , ,N,N,N, ,NC_TOMS,R_CPM_PROBL_TKT_MS_TG,END_OF_VALIDITY,DATE,N,,,N,1100,,,,,,
NC-TOMS,VHTMA_21000_RDB,R_CPM_PROBL_TKT_MS_TG, ,,, , , ,N,N,N, ,NC_TOMS,R_CPM_PROBL_TKT_MS_TG,ACTIVE_FL,STRING,N,,,N,1200,,,,,,
NC-TOMS,VHTMA_21000_RDB,R_OE_BPI_SUSPEND_REASON, ,SHOW_ORDER,NUMBER,22,0,10,Y,N,N, ,NC_TOMS,R_OE_BPI_SUSPEND_REASON,SHOW_ORDER,INT64,N, , ,N,1, , , , , , 
NC-TOMS,VHTMA_21000_RDB,R_OE_BPI_SUSPEND_REASON, ,OBJECT_ID,NUMBER,22,0,20,N,Y,Y, ,NC_TOMS,R_OE_BPI_SUSPEND_REASON,OBJECT_ID,NUMERIC,Y, , ,N,2, , , , , , 
NC-TOMS,VHTMA_21000_RDB,R_OE_BPI_SUSPEND_REASON, ,VALUE,VARCHAR2,200, , ,Y,N,N, ,NC_TOMS,R_OE_BPI_SUSPEND_REASON,VALUE,STRING,N, , ,N,3, , , , , , 
NC-TOMS,VHTMA_21000_RDB,R_OE_BPI_SUSPEND_REASON, ,SOURCE_ROWID,ROWID,10, , ,Y,N,Y, ,NC_TOMS,R_OE_BPI_SUSPEND_REASON,SOURCE_ROWID,STRING,N, , ,N,4, , , , , , 
NC-TOMS,VHTMA_21000_RDB,R_OE_BPI_SUSPEND_REASON, ,,, , , ,N,N,N, ,NC_TOMS,R_OE_BPI_SUSPEND_REASON,TR_FILE_ID,INT64,N, , ,N,1500, , , , , , 
NC-TOMS,VHTMA_21000_RDB,R_OE_BPI_SUSPEND_REASON, ,,, , , ,N,N,N, ,NC_TOMS,R_OE_BPI_SUSPEND_REASON,TR_INSERT_DATETIME,TIMESTAMP,N, , ,N,1600, , , , , , 
NC-TOMS,VHTMA_21000_RDB,R_OE_BPI_SUSPEND_REASON, ,,, , , ,N,N,N, ,NC_TOMS,R_OE_BPI_SUSPEND_REASON,TR_INSERT_ID,INT64,N, , ,N,1700, , , , , , 
NC-TOMS,VHTMA_21000_RDB,R_OE_BPI_SUSPEND_REASON, ,,, , , ,Y,N,N, ,NC_TOMS,R_OE_BPI_SUSPEND_REASON,TR_UPDATE_DATETIME,TIMESTAMP,N, , ,N,1800, , , , , , 
NC-TOMS,VHTMA_21000_RDB,R_OE_BPI_SUSPEND_REASON, ,,, , , ,Y,N,N, ,NC_TOMS,R_OE_BPI_SUSPEND_REASON,TR_UPDATE_ID,INT64,N, , ,N,1900, , , , , , 
NC-TOMS,VHTMA_21000_RDB,R_OE_BPI_SUSPEND_REASON, ,,, , , ,N,N,Y, ,NC_TOMS,R_OE_BPI_SUSPEND_REASON,START_OF_VALIDITY,DATE,Y, , ,N,1000,,,,,,
NC-TOMS,VHTMA_21000_RDB,R_OE_BPI_SUSPEND_REASON, ,,, , , ,N,N,N, ,NC_TOMS,R_OE_BPI_SUSPEND_REASON,END_OF_VALIDITY,DATE,N,,,N,1100,,,,,,
NC-TOMS,VHTMA_21000_RDB,R_OE_BPI_SUSPEND_REASON, ,,, , , ,N,N,N, ,NC_TOMS,R_OE_BPI_SUSPEND_REASON,ACTIVE_FL,STRING,N,,,N,1200,,,,,,
NC-TOMS,VHTMA_21000_RDB,R_OE_ORDER_ITEM_SUSPEND_REASON, ,SHOW_ORDER,NUMBER,22,0,10,Y,N,N, ,NC_TOMS,R_OE_ORDER_ITEM_SUSPEND_REASON,SHOW_ORDER,INT64,N, , ,N,1, , , , , , 
NC-TOMS,VHTMA_21000_RDB,R_OE_ORDER_ITEM_SUSPEND_REASON, ,OBJECT_ID,NUMBER,22,0,20,N,Y,Y, ,NC_TOMS,R_OE_ORDER_ITEM_SUSPEND_REASON,OBJECT_ID,NUMERIC,Y, , ,N,2, , , , , , 
NC-TOMS,VHTMA_21000_RDB,R_OE_ORDER_ITEM_SUSPEND_REASON, ,VALUE,VARCHAR2,200, , ,Y,N,N, ,NC_TOMS,R_OE_ORDER_ITEM_SUSPEND_REASON,VALUE,STRING,N, , ,N,3, , , , , , 
NC-TOMS,VHTMA_21000_RDB,R_OE_ORDER_ITEM_SUSPEND_REASON, ,SOURCE_ROWID,ROWID,10, , ,Y,N,Y, ,NC_TOMS,R_OE_ORDER_ITEM_SUSPEND_REASON,SOURCE_ROWID,STRING,N, , ,N,4, , , , , , 
NC-TOMS,VHTMA_21000_RDB,R_OE_ORDER_ITEM_SUSPEND_REASON, ,,, , , ,N,N,N, ,NC_TOMS,R_OE_ORDER_ITEM_SUSPEND_REASON,TR_FILE_ID,INT64,N, , ,N,1500, , , , , , 
NC-TOMS,VHTMA_21000_RDB,R_OE_ORDER_ITEM_SUSPEND_REASON, ,,, , , ,N,N,N, ,NC_TOMS,R_OE_ORDER_ITEM_SUSPEND_REASON,TR_INSERT_DATETIME,TIMESTAMP,N, , ,N,1600, , , , , , 
NC-TOMS,VHTMA_21000_RDB,R_OE_ORDER_ITEM_SUSPEND_REASON, ,,, , , ,N,N,N, ,NC_TOMS,R_OE_ORDER_ITEM_SUSPEND_REASON,TR_INSERT_ID,INT64,N, , ,N,1700, , , , , , 
NC-TOMS,VHTMA_21000_RDB,R_OE_ORDER_ITEM_SUSPEND_REASON, ,,, , , ,Y,N,N, ,NC_TOMS,R_OE_ORDER_ITEM_SUSPEND_REASON,TR_UPDATE_DATETIME,TIMESTAMP,N, , ,N,1800, , , , , , 
NC-TOMS,VHTMA_21000_RDB,R_OE_ORDER_ITEM_SUSPEND_REASON, ,,, , , ,Y,N,N, ,NC_TOMS,R_OE_ORDER_ITEM_SUSPEND_REASON,TR_UPDATE_ID,INT64,N, , ,N,1900, , , , , , 
NC-TOMS,VHTMA_21000_RDB,R_OE_ORDER_ITEM_SUSPEND_REASON, ,,, , , ,N,N,Y, ,NC_TOMS,R_OE_ORDER_ITEM_SUSPEND_REASON,START_OF_VALIDITY,DATE,Y, , ,N,1000,,,,,,
NC-TOMS,VHTMA_21000_RDB,R_OE_ORDER_ITEM_SUSPEND_REASON, ,,, , , ,N,N,N, ,NC_TOMS,R_OE_ORDER_ITEM_SUSPEND_REASON,END_OF_VALIDITY,DATE,N,,,N,1100,,,,,,
NC-TOMS,VHTMA_21000_RDB,R_OE_ORDER_ITEM_SUSPEND_REASON, ,,, , , ,N,N,N, ,NC_TOMS,R_OE_ORDER_ITEM_SUSPEND_REASON,ACTIVE_FL,STRING,N,,,N,1200,,,,,,
NC-TOMS,VHTMA_21000_RDB,R_OM_PORTING_FTP_RJCTN_CODE, ,SHOW_ORDER,NUMBER,22,0,10,Y,N,N, ,NC_TOMS,R_OM_PORTING_FTP_RJCTN_CODE,SHOW_ORDER,INT64,N, , ,N,1, , , , , , 
NC-TOMS,VHTMA_21000_RDB,R_OM_PORTING_FTP_RJCTN_CODE, ,OBJECT_ID,NUMBER,22,0,20,N,Y,Y, ,NC_TOMS,R_OM_PORTING_FTP_RJCTN_CODE,OBJECT_ID,NUMERIC,Y, , ,N,2, , , , , , 
NC-TOMS,VHTMA_21000_RDB,R_OM_PORTING_FTP_RJCTN_CODE, ,VALUE,VARCHAR2,200, , ,Y,N,N, ,NC_TOMS,R_OM_PORTING_FTP_RJCTN_CODE,VALUE,STRING,N, , ,N,3, , , , , , 
NC-TOMS,VHTMA_21000_RDB,R_OM_PORTING_FTP_RJCTN_CODE, ,SOURCE_ROWID,ROWID,10, , ,Y,N,Y, ,NC_TOMS,R_OM_PORTING_FTP_RJCTN_CODE,SOURCE_ROWID,STRING,N, , ,N,4, , , , , , 
NC-TOMS,VHTMA_21000_RDB,R_OM_PORTING_FTP_RJCTN_CODE, ,,, , , ,N,N,N, ,NC_TOMS,R_OM_PORTING_FTP_RJCTN_CODE,TR_FILE_ID,INT64,N, , ,N,1500, , , , , , 
NC-TOMS,VHTMA_21000_RDB,R_OM_PORTING_FTP_RJCTN_CODE, ,,, , , ,N,N,N, ,NC_TOMS,R_OM_PORTING_FTP_RJCTN_CODE,TR_INSERT_DATETIME,TIMESTAMP,N, , ,N,1600, , , , , , 
NC-TOMS,VHTMA_21000_RDB,R_OM_PORTING_FTP_RJCTN_CODE, ,,, , , ,N,N,N, ,NC_TOMS,R_OM_PORTING_FTP_RJCTN_CODE,TR_INSERT_ID,INT64,N, , ,N,1700, , , , , , 
NC-TOMS,VHTMA_21000_RDB,R_OM_PORTING_FTP_RJCTN_CODE, ,,, , , ,Y,N,N, ,NC_TOMS,R_OM_PORTING_FTP_RJCTN_CODE,TR_UPDATE_DATETIME,TIMESTAMP,N, , ,N,1800, , , , , , 
NC-TOMS,VHTMA_21000_RDB,R_OM_PORTING_FTP_RJCTN_CODE, ,,, , , ,Y,N,N, ,NC_TOMS,R_OM_PORTING_FTP_RJCTN_CODE,TR_UPDATE_ID,INT64,N, , ,N,1900, , , , , , 
NC-TOMS,VHTMA_21000_RDB,R_OM_PORTING_FTP_RJCTN_CODE, ,,, , , ,N,N,Y, ,NC_TOMS,R_OM_PORTING_FTP_RJCTN_CODE,START_OF_VALIDITY,DATE,Y, , ,N,1000,,,,,,
NC-TOMS,VHTMA_21000_RDB,R_OM_PORTING_FTP_RJCTN_CODE, ,,, , , ,N,N,N, ,NC_TOMS,R_OM_PORTING_FTP_RJCTN_CODE,END_OF_VALIDITY,DATE,N,,,N,1100,,,,,,
NC-TOMS,VHTMA_21000_RDB,R_OM_PORTING_FTP_RJCTN_CODE, ,,, , , ,N,N,N, ,NC_TOMS,R_OM_PORTING_FTP_RJCTN_CODE,ACTIVE_FL,STRING,N,,,N,1200,,,,,,
NC-TOMS,VHTMA_21000_RDB,R_OM_PORTING_FTP_RJCTN_REASON, ,SHOW_ORDER,NUMBER,22,0,10,Y,N,N, ,NC_TOMS,R_OM_PORTING_FTP_RJCTN_REASON,SHOW_ORDER,INT64,N, , ,N,1, , , , , , 
NC-TOMS,VHTMA_21000_RDB,R_OM_PORTING_FTP_RJCTN_REASON, ,OBJECT_ID,NUMBER,22,0,20,N,Y,Y, ,NC_TOMS,R_OM_PORTING_FTP_RJCTN_REASON,OBJECT_ID,NUMERIC,Y, , ,N,2, , , , , , 
NC-TOMS,VHTMA_21000_RDB,R_OM_PORTING_FTP_RJCTN_REASON, ,VALUE,VARCHAR2,200, , ,Y,N,N, ,NC_TOMS,R_OM_PORTING_FTP_RJCTN_REASON,VALUE,STRING,N, , ,N,3, , , , , , 
NC-TOMS,VHTMA_21000_RDB,R_OM_PORTING_FTP_RJCTN_REASON, ,SOURCE_ROWID,ROWID,10, , ,Y,N,Y, ,NC_TOMS,R_OM_PORTING_FTP_RJCTN_REASON,SOURCE_ROWID,STRING,N, , ,N,4, , , , , , 
NC-TOMS,VHTMA_21000_RDB,R_OM_PORTING_FTP_RJCTN_REASON, ,,, , , ,N,N,N, ,NC_TOMS,R_OM_PORTING_FTP_RJCTN_REASON,TR_FILE_ID,INT64,N, , ,N,1500, , , , , , 
NC-TOMS,VHTMA_21000_RDB,R_OM_PORTING_FTP_RJCTN_REASON, ,,, , , ,N,N,N, ,NC_TOMS,R_OM_PORTING_FTP_RJCTN_REASON,TR_INSERT_DATETIME,TIMESTAMP,N, , ,N,1600, , , , , , 
NC-TOMS,VHTMA_21000_RDB,R_OM_PORTING_FTP_RJCTN_REASON, ,,, , , ,N,N,N, ,NC_TOMS,R_OM_PORTING_FTP_RJCTN_REASON,TR_INSERT_ID,INT64,N, , ,N,1700, , , , , , 
NC-TOMS,VHTMA_21000_RDB,R_OM_PORTING_FTP_RJCTN_REASON, ,,, , , ,Y,N,N, ,NC_TOMS,R_OM_PORTING_FTP_RJCTN_REASON,TR_UPDATE_DATETIME,TIMESTAMP,N, , ,N,1800, , , , , , 
NC-TOMS,VHTMA_21000_RDB,R_OM_PORTING_FTP_RJCTN_REASON, ,,, , , ,Y,N,N, ,NC_TOMS,R_OM_PORTING_FTP_RJCTN_REASON,TR_UPDATE_ID,INT64,N, , ,N,1900, , , , , , 
NC-TOMS,VHTMA_21000_RDB,R_OM_PORTING_FTP_RJCTN_REASON, ,,, , , ,N,N,Y, ,NC_TOMS,R_OM_PORTING_FTP_RJCTN_REASON,START_OF_VALIDITY,DATE,Y, , ,N,1000,,,,,,
NC-TOMS,VHTMA_21000_RDB,R_OM_PORTING_FTP_RJCTN_REASON, ,,, , , ,N,N,N, ,NC_TOMS,R_OM_PORTING_FTP_RJCTN_REASON,END_OF_VALIDITY,DATE,N,,,N,1100,,,,,,
NC-TOMS,VHTMA_21000_RDB,R_OM_PORTING_FTP_RJCTN_REASON, ,,, , , ,N,N,N, ,NC_TOMS,R_OM_PORTING_FTP_RJCTN_REASON,ACTIVE_FL,STRING,N,,,N,1200,,,,,,
NC-TOMS,VHTMA_21000_RDB,R_OM_PORTING_KRA_RJCTN_CODE, ,SHOW_ORDER,NUMBER,22,0,10,Y,N,N, ,NC_TOMS,R_OM_PORTING_KRA_RJCTN_CODE,SHOW_ORDER,INT64,N, , ,N,1, , , , , , 
NC-TOMS,VHTMA_21000_RDB,R_OM_PORTING_KRA_RJCTN_CODE, ,OBJECT_ID,NUMBER,22,0,20,N,Y,Y, ,NC_TOMS,R_OM_PORTING_KRA_RJCTN_CODE,OBJECT_ID,NUMERIC,Y, , ,N,2, , , , , , 
NC-TOMS,VHTMA_21000_RDB,R_OM_PORTING_KRA_RJCTN_CODE, ,VALUE,VARCHAR2,200, , ,Y,N,N, ,NC_TOMS,R_OM_PORTING_KRA_RJCTN_CODE,VALUE,STRING,N, , ,N,3, , , , , , 
NC-TOMS,VHTMA_21000_RDB,R_OM_PORTING_KRA_RJCTN_CODE, ,SOURCE_ROWID,ROWID,10, , ,Y,N,Y, ,NC_TOMS,R_OM_PORTING_KRA_RJCTN_CODE,SOURCE_ROWID,STRING,N, , ,N,4, , , , , , 
NC-TOMS,VHTMA_21000_RDB,R_OM_PORTING_KRA_RJCTN_CODE, ,,, , , ,N,N,N, ,NC_TOMS,R_OM_PORTING_KRA_RJCTN_CODE,TR_FILE_ID,INT64,N, , ,N,1500, , , , , , 
NC-TOMS,VHTMA_21000_RDB,R_OM_PORTING_KRA_RJCTN_CODE, ,,, , , ,N,N,N, ,NC_TOMS,R_OM_PORTING_KRA_RJCTN_CODE,TR_INSERT_DATETIME,TIMESTAMP,N, , ,N,1600, , , , , , 
NC-TOMS,VHTMA_21000_RDB,R_OM_PORTING_KRA_RJCTN_CODE, ,,, , , ,N,N,N, ,NC_TOMS,R_OM_PORTING_KRA_RJCTN_CODE,TR_INSERT_ID,INT64,N, , ,N,1700, , , , , , 
NC-TOMS,VHTMA_21000_RDB,R_OM_PORTING_KRA_RJCTN_CODE, ,,, , , ,Y,N,N, ,NC_TOMS,R_OM_PORTING_KRA_RJCTN_CODE,TR_UPDATE_DATETIME,TIMESTAMP,N, , ,N,1800, , , , , , 
NC-TOMS,VHTMA_21000_RDB,R_OM_PORTING_KRA_RJCTN_CODE, ,,, , , ,Y,N,N, ,NC_TOMS,R_OM_PORTING_KRA_RJCTN_CODE,TR_UPDATE_ID,INT64,N, , ,N,1900, , , , , , 
NC-TOMS,VHTMA_21000_RDB,R_OM_PORTING_KRA_RJCTN_CODE, ,,, , , ,N,N,Y, ,NC_TOMS,R_OM_PORTING_KRA_RJCTN_CODE,START_OF_VALIDITY,DATE,Y, , ,N,1000,,,,,,
NC-TOMS,VHTMA_21000_RDB,R_OM_PORTING_KRA_RJCTN_CODE, ,,, , , ,N,N,N, ,NC_TOMS,R_OM_PORTING_KRA_RJCTN_CODE,END_OF_VALIDITY,DATE,N,,,N,1100,,,,,,
NC-TOMS,VHTMA_21000_RDB,R_OM_PORTING_KRA_RJCTN_CODE, ,,, , , ,N,N,N, ,NC_TOMS,R_OM_PORTING_KRA_RJCTN_CODE,ACTIVE_FL,STRING,N,,,N,1200,,,,,,
NC-TOMS,VHTMA_21000_RDB,R_OM_PORTING_KRA_RJCTN_RSN, ,SHOW_ORDER,NUMBER,22,0,10,Y,N,N, ,NC_TOMS,R_OM_PORTING_KRA_RJCTN_RSN,SHOW_ORDER,INT64,N, , ,N,1, , , , , , 
NC-TOMS,VHTMA_21000_RDB,R_OM_PORTING_KRA_RJCTN_RSN, ,OBJECT_ID,NUMBER,22,0,20,N,Y,Y, ,NC_TOMS,R_OM_PORTING_KRA_RJCTN_RSN,OBJECT_ID,NUMERIC,Y, , ,N,2, , , , , , 
NC-TOMS,VHTMA_21000_RDB,R_OM_PORTING_KRA_RJCTN_RSN, ,VALUE,VARCHAR2,200, , ,Y,N,N, ,NC_TOMS,R_OM_PORTING_KRA_RJCTN_RSN,VALUE,STRING,N, , ,N,3, , , , , , 
NC-TOMS,VHTMA_21000_RDB,R_OM_PORTING_KRA_RJCTN_RSN, ,SOURCE_ROWID,ROWID,10, , ,Y,N,Y, ,NC_TOMS,R_OM_PORTING_KRA_RJCTN_RSN,SOURCE_ROWID,STRING,N, , ,N,4, , , , , , 
NC-TOMS,VHTMA_21000_RDB,R_OM_PORTING_KRA_RJCTN_RSN, ,,, , , ,N,N,N, ,NC_TOMS,R_OM_PORTING_KRA_RJCTN_RSN,TR_FILE_ID,INT64,N, , ,N,1500, , , , , , 
NC-TOMS,VHTMA_21000_RDB,R_OM_PORTING_KRA_RJCTN_RSN, ,,, , , ,N,N,N, ,NC_TOMS,R_OM_PORTING_KRA_RJCTN_RSN,TR_INSERT_DATETIME,TIMESTAMP,N, , ,N,1600, , , , , , 
NC-TOMS,VHTMA_21000_RDB,R_OM_PORTING_KRA_RJCTN_RSN, ,,, , , ,N,N,N, ,NC_TOMS,R_OM_PORTING_KRA_RJCTN_RSN,TR_INSERT_ID,INT64,N, , ,N,1700, , , , , , 
NC-TOMS,VHTMA_21000_RDB,R_OM_PORTING_KRA_RJCTN_RSN, ,,, , , ,Y,N,N, ,NC_TOMS,R_OM_PORTING_KRA_RJCTN_RSN,TR_UPDATE_DATETIME,TIMESTAMP,N, , ,N,1800, , , , , , 
NC-TOMS,VHTMA_21000_RDB,R_OM_PORTING_KRA_RJCTN_RSN, ,,, , , ,Y,N,N, ,NC_TOMS,R_OM_PORTING_KRA_RJCTN_RSN,TR_UPDATE_ID,INT64,N, , ,N,1900, , , , , , 
NC-TOMS,VHTMA_21000_RDB,R_OM_PORTING_KRA_RJCTN_RSN, ,,, , , ,N,N,Y, ,NC_TOMS,R_OM_PORTING_KRA_RJCTN_RSN,START_OF_VALIDITY,DATE,Y, , ,N,1000,,,,,,
NC-TOMS,VHTMA_21000_RDB,R_OM_PORTING_KRA_RJCTN_RSN, ,,, , , ,N,N,N, ,NC_TOMS,R_OM_PORTING_KRA_RJCTN_RSN,END_OF_VALIDITY,DATE,N,,,N,1100,,,,,,
NC-TOMS,VHTMA_21000_RDB,R_OM_PORTING_KRA_RJCTN_RSN, ,,, , , ,N,N,N, ,NC_TOMS,R_OM_PORTING_KRA_RJCTN_RSN,ACTIVE_FL,STRING,N,,,N,1200,,,,,,
NC-TOMS,VHTMA_21000_RDB,R_PIM_OFFERING_CUST_CATEGORY,,SHOW_ORDER,NUMBER,22,0,10,Y,N,N,,NC_TOMS,R_PIM_OFFERING_CUST_CATEGORY,SHOW_ORDER,INT64,N,,,N,1,,,,,,
NC-TOMS,VHTMA_21000_RDB,R_PIM_OFFERING_CUST_CATEGORY,,OBJECT_ID,NUMBER,22,0,20,N,Y,Y,,NC_TOMS,R_PIM_OFFERING_CUST_CATEGORY,OBJECT_ID,NUMERIC,Y,,,N,2,,,,,,
NC-TOMS,VHTMA_21000_RDB,R_PIM_OFFERING_CUST_CATEGORY,,VALUE,NUMBER,22,0,20,Y,N,N,,NC_TOMS,R_PIM_OFFERING_CUST_CATEGORY,VALUE,NUMERIC,N,,,N,3,,,,,,
NC-TOMS,VHTMA_21000_RDB,R_PIM_OFFERING_CUST_CATEGORY,,SOURCE_ROWID,ROWID,10,,,Y,N,Y,,NC_TOMS,R_PIM_OFFERING_CUST_CATEGORY,SOURCE_ROWID,STRING,N,,,N,4,,,,,,
NC-TOMS,VHTMA_21000_RDB,R_PIM_OFFERING_CUST_CATEGORY,,,,,,,N,N,N,,NC_TOMS,R_PIM_OFFERING_CUST_CATEGORY,TR_FILE_ID,INT64,N,,,N,1500,,,,,,
NC-TOMS,VHTMA_21000_RDB,R_PIM_OFFERING_CUST_CATEGORY,,,,,,,N,N,N,,NC_TOMS,R_PIM_OFFERING_CUST_CATEGORY,TR_INSERT_DATETIME,TIMESTAMP,N,,,N,1600,,,,,,
NC-TOMS,VHTMA_21000_RDB,R_PIM_OFFERING_CUST_CATEGORY,,,,,,,N,N,N,,NC_TOMS,R_PIM_OFFERING_CUST_CATEGORY,TR_INSERT_ID,INT64,N,,,N,1700,,,,,,
NC-TOMS,VHTMA_21000_RDB,R_PIM_OFFERING_CUST_CATEGORY,,,,,,,Y,N,N,,NC_TOMS,R_PIM_OFFERING_CUST_CATEGORY,TR_UPDATE_DATETIME,TIMESTAMP,N,,,N,1800,,,,,,
NC-TOMS,VHTMA_21000_RDB,R_PIM_OFFERING_CUST_CATEGORY,,,,,,,Y,N,N,,NC_TOMS,R_PIM_OFFERING_CUST_CATEGORY,TR_UPDATE_ID,INT64,N,,,N,1900,,,,,,
NC-TOMS,VHTMA_21000_RDB,R_PIM_OFFERING_CUST_CATEGORY, ,,, , , ,N,N,Y, ,NC_TOMS,R_PIM_OFFERING_CUST_CATEGORY,START_OF_VALIDITY,DATE,Y, , ,N,1000,,,,,,
NC-TOMS,VHTMA_21000_RDB,R_PIM_OFFERING_CUST_CATEGORY, ,,, , , ,N,N,N, ,NC_TOMS,R_PIM_OFFERING_CUST_CATEGORY,END_OF_VALIDITY,DATE,N,,,N,1100,,,,,,
NC-TOMS,VHTMA_21000_RDB,R_PIM_OFFERING_CUST_CATEGORY, ,,, , , ,N,N,N, ,NC_TOMS,R_PIM_OFFERING_CUST_CATEGORY,ACTIVE_FL,STRING,N,,,N,1200,,,,,,
NC-TOMS,VHTMA_21000_RDB,R_WFM_WIO, ,OBJECT_ID,NUMBER,22,0,20,N,Y,Y, ,NC_TOMS,R_WFM_WIO,OBJECT_ID,NUMERIC,Y, , ,N,1, , , , , , 
NC-TOMS,VHTMA_21000_RDB,R_WFM_WIO, ,TYPE_ID,NUMBER,22,0,20,N,N,N, ,NC_TOMS,R_WFM_WIO,TYPE_ID,NUMERIC,N, , ,N,2, , , , , , 
NC-TOMS,VHTMA_21000_RDB,R_WFM_WIO, ,NAME,VARCHAR2,200, , ,Y,N,N, ,NC_TOMS,R_WFM_WIO,NAME,STRING,N, , ,Y,3, , , , , , 
NC-TOMS,VHTMA_21000_RDB,R_WFM_WIO, ,CREATED_BY,VARCHAR2,4000, , ,Y,N,N, ,NC_TOMS,R_WFM_WIO,CREATED_BY,STRING,N, , ,Y,4, , , , , , 
NC-TOMS,VHTMA_21000_RDB,R_WFM_WIO, ,CREATED_WHEN,DATE,7, , ,Y,N,N, ,NC_TOMS,R_WFM_WIO,CREATED_WHEN,TIMESTAMP,N, , ,N,5, , , , , , 
NC-TOMS,VHTMA_21000_RDB,R_WFM_WIO, ,ESTIM_WORK_TIME_H,VARCHAR2,4000, , ,Y,N,N, ,NC_TOMS,R_WFM_WIO,ESTIM_WORK_TIME_H,STRING,N, , ,N,6, , , , , , 
NC-TOMS,VHTMA_21000_RDB,R_WFM_WIO, ,FAILURE_REASON,NUMBER,22,0,20,Y,N,N, ,NC_TOMS,R_WFM_WIO,FAILURE_REASON,NUMERIC,N, , ,N,7, , , , , , 
NC-TOMS,VHTMA_21000_RDB,R_WFM_WIO, ,INSTALLATION_ADDRESS,VARCHAR2,4000, , ,Y,N,N, ,NC_TOMS,R_WFM_WIO,INSTALLATION_ADDRESS,STRING,N, , ,N,8, , , , , , 
NC-TOMS,VHTMA_21000_RDB,R_WFM_WIO, ,MODIFIED_BY,VARCHAR2,4000, , ,Y,N,N, ,NC_TOMS,R_WFM_WIO,MODIFIED_BY,STRING,N, , ,Y,9, , , , , , 
NC-TOMS,VHTMA_21000_RDB,R_WFM_WIO, ,MODIFIED_WHEN,DATE,7, , ,Y,N,N, ,NC_TOMS,R_WFM_WIO,MODIFIED_WHEN,TIMESTAMP,N, , ,N,10, , , , , , 
NC-TOMS,VHTMA_21000_RDB,R_WFM_WIO, ,PARENT_ID,NUMBER,22,0,20,Y,N,N, ,NC_TOMS,R_WFM_WIO,PARENT_ID,NUMERIC,N, , ,N,11, , , , , , 
NC-TOMS,VHTMA_21000_RDB,R_WFM_WIO, ,WO_NUMBER,VARCHAR2,4000, , ,Y,N,N, ,NC_TOMS,R_WFM_WIO,WO_NUMBER,STRING,N, , ,N,12, , , , , , 
NC-TOMS,VHTMA_21000_RDB,R_WFM_WIO, ,LAST_REPLICATED_WHEN,TIMESTAMP(6) WITH TIME ZONE,13,6, ,Y,N,N, ,NC_TOMS,R_WFM_WIO,LAST_REPLICATED_WHEN,FLOAT64,N, , ,N,13, , , , , , 
NC-TOMS,VHTMA_21000_RDB,R_WFM_WIO, ,,, , , ,N,N,N, ,NC_TOMS,R_WFM_WIO,TR_FILE_ID,INT64,N, , ,N,1500, , , , , , 
NC-TOMS,VHTMA_21000_RDB,R_WFM_WIO, ,,, , , ,N,N,N, ,NC_TOMS,R_WFM_WIO,TR_INSERT_DATETIME,TIMESTAMP,N, , ,N,1600, , , , , , 
NC-TOMS,VHTMA_21000_RDB,R_WFM_WIO, ,,, , , ,N,N,N, ,NC_TOMS,R_WFM_WIO,TR_INSERT_ID,INT64,N, , ,N,1700, , , , , , 
NC-TOMS,VHTMA_21000_RDB,R_WFM_WIO, ,,, , , ,Y,N,N, ,NC_TOMS,R_WFM_WIO,TR_UPDATE_DATETIME,TIMESTAMP,N, , ,N,1800, , , , , , 
NC-TOMS,VHTMA_21000_RDB,R_WFM_WIO, ,,, , , ,Y,N,N, ,NC_TOMS,R_WFM_WIO,TR_UPDATE_ID,INT64,N, , ,N,1900, , , , , , 
NC-TOMS,VHTMA_21000_RDB,R_WFM_WIO, ,,, , , ,N,N,Y, ,NC_TOMS,R_WFM_WIO,START_OF_VALIDITY,DATE,Y, , ,N,1000,,,,,,
NC-TOMS,VHTMA_21000_RDB,R_WFM_WIO, ,,, , , ,N,N,N, ,NC_TOMS,R_WFM_WIO,END_OF_VALIDITY,DATE,N,,,N,1100,,,,,,
NC-TOMS,VHTMA_21000_RDB,R_WFM_WIO, ,,, , , ,N,N,N, ,NC_TOMS,R_WFM_WIO,ACTIVE_FL,STRING,N,,,N,1200,,,,,,
NC-RBM-CUSTOM,RB_CUSTOM,VFHU_CALCULATEETF,,CUSTOMER_REF,VARCHAR2,20,,,N,N,Y,,NC_RBM_CUSTOM,VFHU_CALCULATEETF,CUSTOMER_REF,STRING,N,,,N,1,,,,,,
NC-RBM-CUSTOM,RB_CUSTOM,VFHU_CALCULATEETF,,ACCOUNT_NUM,VARCHAR2,20,,,N,N,Y,,NC_RBM_CUSTOM,VFHU_CALCULATEETF,ACCOUNT_NUM,STRING,N,,,Y,2,,,,,,
NC-RBM-CUSTOM,RB_CUSTOM,VFHU_CALCULATEETF,,PRODUCT_SEQ,NUMBER,22,0,9,Y,N,N,,NC_RBM_CUSTOM,VFHU_CALCULATEETF,PRODUCT_SEQ,INT64,N,,,N,3,,,,,,
NC-RBM-CUSTOM,RB_CUSTOM,VFHU_CALCULATEETF,,OTC_SEQ,NUMBER,22,0,9,Y,N,N,,NC_RBM_CUSTOM,VFHU_CALCULATEETF,OTC_SEQ,INT64,N,,,N,4,,,,,,
NC-RBM-CUSTOM,RB_CUSTOM,VFHU_CALCULATEETF,,CHARGE_TYPE,VARCHAR2,10,,,Y,N,N,,NC_RBM_CUSTOM,VFHU_CALCULATEETF,CHARGE_TYPE,STRING,N,,,N,5,,,,,,
NC-RBM-CUSTOM,RB_CUSTOM,VFHU_CALCULATEETF,,EQUIPMENT_ORIGINAL_ACCOUNT,VARCHAR2,20,,,Y,N,N,,NC_RBM_CUSTOM,VFHU_CALCULATEETF,EQUIPMENT_ORIGINAL_ACCOUNT,STRING,N,,,N,6,,,,,,
NC-RBM-CUSTOM,RB_CUSTOM,VFHU_CALCULATEETF,,EQUIPMENT_SUBSIDY_AMOUNT,NUMBER,22,0,18,Y,N,N,,NC_RBM_CUSTOM,VFHU_CALCULATEETF,EQUIPMENT_SUBSIDY_AMOUNT,NUMERIC,N,,,N,7,,,,,,
NC-RBM-CUSTOM,RB_CUSTOM,VFHU_CALCULATEETF,,ETF_OTC_ID,NUMBER,22,0,9,Y,N,N,,NC_RBM_CUSTOM,VFHU_CALCULATEETF,ETF_OTC_ID,INT64,N,,,N,8,,,,,,
NC-RBM-CUSTOM,RB_CUSTOM,VFHU_CALCULATEETF,,LOYALTY_START_DATE,DATE,7,,,N,N,N,,NC_RBM_CUSTOM,VFHU_CALCULATEETF,LOYALTY_START_DATE,DATE,N,,,N,9,,,,,,
NC-RBM-CUSTOM,RB_CUSTOM,VFHU_CALCULATEETF,,DUE_DATE,DATE,7,,,N,N,Y,,NC_RBM_CUSTOM,VFHU_CALCULATEETF,DUE_DATE,DATE,N,,,N,10,,,,,,
NC-RBM-CUSTOM,RB_CUSTOM,VFHU_CALCULATEETF,,REQUEST_DTM,DATE,7,,,N,N,N,,NC_RBM_CUSTOM,VFHU_CALCULATEETF,REQUEST_DTM,TIMESTAMP,N,,,N,11,,,,,,
NC-RBM-CUSTOM,RB_CUSTOM,VFHU_CALCULATEETF,,PROCESSED_DTM,DATE,7,,,Y,N,Y,,NC_RBM_CUSTOM,VFHU_CALCULATEETF,PROCESSED_DTM,TIMESTAMP,N,,,N,12,,,,,,
NC-RBM-CUSTOM,RB_CUSTOM,VFHU_CALCULATEETF,,SERVICE_ETF_AMT,NUMBER,22,,,Y,N,N,,NC_RBM_CUSTOM,VFHU_CALCULATEETF,SERVICE_ETF_AMT,INT64,N,,,N,13,,,,,,
NC-RBM-CUSTOM,RB_CUSTOM,VFHU_CALCULATEETF,,EQUIPMENT_ETF_AMT,NUMBER,22,,,Y,N,N,,NC_RBM_CUSTOM,VFHU_CALCULATEETF,EQUIPMENT_ETF_AMT,INT64,N,,,N,14,,,,,,
NC-RBM-CUSTOM,RB_CUSTOM,VFHU_CALCULATEETF,,ENTRY_ETF_AMT,NUMBER,22,,,Y,N,N,,NC_RBM_CUSTOM,VFHU_CALCULATEETF,ENTRY_ETF_AMT,INT64,N,,,N,15,,,,,,
NC-RBM-CUSTOM,RB_CUSTOM,VFHU_CALCULATEETF,,STATUS,NUMBER,22,0,3,N,N,Y,,NC_RBM_CUSTOM,VFHU_CALCULATEETF,STATUS,INT64,N,,,N,16,,,,,,
NC-RBM-CUSTOM,RB_CUSTOM,VFHU_CALCULATEETF,,ETF_OTC_SEQ,NUMBER,22,0,9,Y,N,N,,NC_RBM_CUSTOM,VFHU_CALCULATEETF,ETF_OTC_SEQ,INT64,N,,,N,17,,,,,,
NC-RBM-CUSTOM,RB_CUSTOM,VFHU_CALCULATEETF,,MIG_EQUIPMENT_SEQ,NUMBER,22,0,9,Y,N,N,,NC_RBM_CUSTOM,VFHU_CALCULATEETF,MIG_EQUIPMENT_SEQ,NUMERIC,N,,,N,18,,,,,,
NC-RBM-CUSTOM,RB_CUSTOM,VFHU_CALCULATEETF,,MIG_ENTRY_SEQ,NUMBER,22,0,9,Y,N,N,,NC_RBM_CUSTOM,VFHU_CALCULATEETF,MIG_ENTRY_SEQ,NUMERIC,N,,,N,19,,,,,,
NC-RBM-CUSTOM,RB_CUSTOM,VFHU_CALCULATEETF,,REQUESTED_USER,VARCHAR2,40,,,N,N,N,,NC_RBM_CUSTOM,VFHU_CALCULATEETF,REQUESTED_USER,STRING,N,,,N,20,,,,,,
NC-RBM-CUSTOM,RB_CUSTOM,VFHU_CALCULATEETF,,MESSAGE_TXT,VARCHAR2,255,,,Y,N,N,,NC_RBM_CUSTOM,VFHU_CALCULATEETF,MESSAGE_TXT,STRING,N,,,N,21,,,,,,
NC-RBM-CUSTOM,RB_CUSTOM,VFHU_CALCULATEETF,,BILL_REQUEST_SEQ,NUMBER,22,0,9,Y,N,N,,NC_RBM_CUSTOM,VFHU_CALCULATEETF,BILL_REQUEST_SEQ,INT64,N,,,N,22,,,,,,
NC-RBM-CUSTOM,RB_CUSTOM,VFHU_CALCULATEETF,,,,,,,N,N,N,,NC_RBM_CUSTOM,VFHU_CALCULATEETF,TR_FILE_ID,INT64,N,,,N,1500,,,,,,
NC-RBM-CUSTOM,RB_CUSTOM,VFHU_CALCULATEETF,,,,,,,N,N,N,,NC_RBM_CUSTOM,VFHU_CALCULATEETF,TR_INSERT_DATETIME,TIMESTAMP,N,,,N,1600,,,,,,
NC-RBM-CUSTOM,RB_CUSTOM,VFHU_CALCULATEETF,,,,,,,N,N,N,,NC_RBM_CUSTOM,VFHU_CALCULATEETF,TR_INSERT_ID,INT64,N,,,N,1700,,,,,,
NC-RBM-CUSTOM,RB_CUSTOM,VFHU_CALCULATEETF,,,,,,,Y,N,N,,NC_RBM_CUSTOM,VFHU_CALCULATEETF,TR_UPDATE_DATETIME,TIMESTAMP,N,,,N,1800,,,,,,
NC-RBM-CUSTOM,RB_CUSTOM,VFHU_CALCULATEETF,,,,,,,Y,N,N,,NC_RBM_CUSTOM,VFHU_CALCULATEETF,TR_UPDATE_ID,INT64,N,,,N,1900,,,,,,
NC-RBM-CUSTOM,RB_CUSTOM,VFHU_TELCOTAXEXEMPTION, ,START_MSISDN,VARCHAR2,40, , ,N,N,N, ,NC_RBM_CUSTOM,VFHU_TELCOTAXEXEMPTION,START_MSISDN,STRING,N, , ,Y,1,,,,,,
NC-RBM-CUSTOM,RB_CUSTOM,VFHU_TELCOTAXEXEMPTION, ,END_MSISDN,VARCHAR2,40, , ,Y,N,N, ,NC_RBM_CUSTOM,VFHU_TELCOTAXEXEMPTION,END_MSISDN,STRING,N, , ,Y,2,,,,,,
NC-RBM-CUSTOM,RB_CUSTOM,VFHU_TELCOTAXEXEMPTION, ,EFFECTIVE_DAT,DATE,7, , ,N,N,N, ,NC_RBM_CUSTOM,VFHU_TELCOTAXEXEMPTION,EFFECTIVE_DAT,DATE,N, , ,N,3,,,,,,
NC-RBM-CUSTOM,RB_CUSTOM,VFHU_TELCOTAXEXEMPTION, ,EXPIRATION_DAT,DATE,7, , ,Y,N,N, ,NC_RBM_CUSTOM,VFHU_TELCOTAXEXEMPTION,EXPIRATION_DAT,DATE,N, , ,N,4,,,,,,
NC-RBM-CUSTOM,RB_CUSTOM,VFHU_TELCOTAXEXEMPTION, ,,, , , ,N,N,N, ,NC_RBM_CUSTOM,VFHU_TELCOTAXEXEMPTION,TR_FILE_ID,INT64,N, , ,N,1500,,,,,,
NC-RBM-CUSTOM,RB_CUSTOM,VFHU_TELCOTAXEXEMPTION, ,,, , , ,N,N,N, ,NC_RBM_CUSTOM,VFHU_TELCOTAXEXEMPTION,TR_INSERT_DATETIME,TIMESTAMP,N, , ,N,1600,,,,,,
NC-RBM-CUSTOM,RB_CUSTOM,VFHU_TELCOTAXEXEMPTION, ,,, , , ,N,N,N, ,NC_RBM_CUSTOM,VFHU_TELCOTAXEXEMPTION,TR_INSERT_ID,INT64,N, , ,N,1700,,,,,,
NC-RBM-CUSTOM,RB_CUSTOM,VFHU_TELCOTAXEXEMPTION, ,,, , , ,Y,N,N, ,NC_RBM_CUSTOM,VFHU_TELCOTAXEXEMPTION,TR_UPDATE_DATETIME,TIMESTAMP,N, , ,N,1800,,,,,,
NC-RBM-CUSTOM,RB_CUSTOM,VFHU_TELCOTAXEXEMPTION, ,,, , , ,Y,N,N, ,NC_RBM_CUSTOM,VFHU_TELCOTAXEXEMPTION,TR_UPDATE_ID,INT64,N, , ,N,1900,,,,,,
NC-RBM-CUSTOM,RB_CUSTOM,VFHU_TELCOTAXRATE, ,TELCO_TAX_SERVICE_TYPE,VARCHAR2,40, , ,N,N,N, ,NC_RBM_CUSTOM,VFHU_TELCOTAXRATE,TELCO_TAX_SERVICE_TYPE,STRING,N, , ,N,1,,,,,,
NC-RBM-CUSTOM,RB_CUSTOM,VFHU_TELCOTAXRATE, ,CUSTOMER_TYPE_ID,NUMBER,22,0,9,N,N,N, ,NC_RBM_CUSTOM,VFHU_TELCOTAXRATE,CUSTOMER_TYPE_ID,INT64,N, , ,N,2,,,,,,
NC-RBM-CUSTOM,RB_CUSTOM,VFHU_TELCOTAXRATE, ,EVENT_TYPE_ID,NUMBER,22,0,9,N,N,N, ,NC_RBM_CUSTOM,VFHU_TELCOTAXRATE,EVENT_TYPE_ID,INT64,N, , ,N,3,,,,,,
NC-RBM-CUSTOM,RB_CUSTOM,VFHU_TELCOTAXRATE, ,UNIT_MEASURE_ATTR_NUM,NUMBER,22,0,9,N,N,N, ,NC_RBM_CUSTOM,VFHU_TELCOTAXRATE,UNIT_MEASURE_ATTR_NUM,INT64,N, , ,N,4,,,,,,
NC-RBM-CUSTOM,RB_CUSTOM,VFHU_TELCOTAXRATE, ,DEST_NUM_ATTR_NUM,NUMBER,22,0,9,N,N,N, ,NC_RBM_CUSTOM,VFHU_TELCOTAXRATE,DEST_NUM_ATTR_NUM,INT64,N, , ,N,5,,,,,,
NC-RBM-CUSTOM,RB_CUSTOM,VFHU_TELCOTAXRATE, ,GROUP_NUM,NUMBER,22,0,3,Y,N,N, ,NC_RBM_CUSTOM,VFHU_TELCOTAXRATE,GROUP_NUM,NUMERIC,N, , ,N,6,,,,,,
NC-RBM-CUSTOM,RB_CUSTOM,VFHU_TELCOTAXRATE, ,GROUP_NAME,VARCHAR2,40, , ,N,N,N, ,NC_RBM_CUSTOM,VFHU_TELCOTAXRATE,GROUP_NAME,STRING,N, , ,N,7,,,,,,
NC-RBM-CUSTOM,RB_CUSTOM,VFHU_TELCOTAXRATE, ,TAX_RATE_PER_UNIT,NUMBER,22,2,9,N,N,N, ,NC_RBM_CUSTOM,VFHU_TELCOTAXRATE,TAX_RATE_PER_UNIT,FLOAT64,N, , ,N,8,,,,,,
NC-RBM-CUSTOM,RB_CUSTOM,VFHU_TELCOTAXRATE, ,MAX_TELCO_TAX_AMOUNT,NUMBER,22,0,18,N,N,N, ,NC_RBM_CUSTOM,VFHU_TELCOTAXRATE,MAX_TELCO_TAX_AMOUNT,NUMERIC,N, , ,N,9,,,,,,
NC-RBM-CUSTOM,RB_CUSTOM,VFHU_TELCOTAXRATE, ,FREE_LIMIT,NUMBER,22,0,9,Y,N,N, ,NC_RBM_CUSTOM,VFHU_TELCOTAXRATE,FREE_LIMIT,INT64,N, , ,N,10,,,,,,
NC-RBM-CUSTOM,RB_CUSTOM,VFHU_TELCOTAXRATE, ,EFFECTIVE_DAT,DATE,7, , ,N,N,N, ,NC_RBM_CUSTOM,VFHU_TELCOTAXRATE,EFFECTIVE_DAT,DATE,N, , ,N,11,,,,,,
NC-RBM-CUSTOM,RB_CUSTOM,VFHU_TELCOTAXRATE, ,END_DAT,DATE,7, , ,Y,N,N, ,NC_RBM_CUSTOM,VFHU_TELCOTAXRATE,END_DAT,DATE,N, , ,N,12,,,,,,
NC-RBM-CUSTOM,RB_CUSTOM,VFHU_TELCOTAXRATE, ,REQUESTOR,VARCHAR2,80, , ,N,N,N, ,NC_RBM_CUSTOM,VFHU_TELCOTAXRATE,REQUESTOR,STRING,N, , ,N,13,,,,,,
NC-RBM-CUSTOM,RB_CUSTOM,VFHU_TELCOTAXRATE, ,UNIT_VALUE,VARCHAR2,20, , ,N,N,N, ,NC_RBM_CUSTOM,VFHU_TELCOTAXRATE,UNIT_VALUE,STRING,N, , ,N,14,,,,,,
NC-RBM-CUSTOM,RB_CUSTOM,VFHU_TELCOTAXRATE, ,SCALAR_CONVERSION,NUMBER,22,0,10,Y,N,N, ,NC_RBM_CUSTOM,VFHU_TELCOTAXRATE,SCALAR_CONVERSION,INT64,N, , ,N,15,,,,,,
NC-RBM-CUSTOM,RB_CUSTOM,VFHU_TELCOTAXRATE, ,,, , , ,N,N,N, ,NC_RBM_CUSTOM,VFHU_TELCOTAXRATE,TR_FILE_ID,INT64,N, , ,N,1500,,,,,,
NC-RBM-CUSTOM,RB_CUSTOM,VFHU_TELCOTAXRATE, ,,, , , ,N,N,N, ,NC_RBM_CUSTOM,VFHU_TELCOTAXRATE,TR_INSERT_DATETIME,TIMESTAMP,N, , ,N,1600,,,,,,
NC-RBM-CUSTOM,RB_CUSTOM,VFHU_TELCOTAXRATE, ,,, , , ,N,N,N, ,NC_RBM_CUSTOM,VFHU_TELCOTAXRATE,TR_INSERT_ID,INT64,N, , ,N,1700,,,,,,
NC-RBM-CUSTOM,RB_CUSTOM,VFHU_TELCOTAXRATE, ,,, , , ,Y,N,N, ,NC_RBM_CUSTOM,VFHU_TELCOTAXRATE,TR_UPDATE_DATETIME,TIMESTAMP,N, , ,N,1800,,,,,,
NC-RBM-CUSTOM,RB_CUSTOM,VFHU_TELCOTAXRATE, ,,, , , ,Y,N,N, ,NC_RBM_CUSTOM,VFHU_TELCOTAXRATE,TR_UPDATE_ID,INT64,N, , ,N,1900,,,,,,
NC-TOMS,VHTMA_21000_RDB,R_PM_PARTNER_ACCOUNT,,OBJECT_ID,NUMBER,22,0,20,N,Y,Y,,NC_TOMS,R_PM_PARTNER_ACCOUNT,OBJECT_ID,NUMERIC,Y,,,N,1,,,PULLED BACK TABLES,,,
NC-TOMS,VHTMA_21000_RDB,R_PM_PARTNER_ACCOUNT,,TYPE_ID,NUMBER,22,0,20,N,N,N,,NC_TOMS,R_PM_PARTNER_ACCOUNT,TYPE_ID,NUMERIC,N,,,N,2,,,PULLED BACK TABLES,,,
NC-TOMS,VHTMA_21000_RDB,R_PM_PARTNER_ACCOUNT,,NAME,VARCHAR2,200,,,Y,N,N,,NC_TOMS,R_PM_PARTNER_ACCOUNT,NAME,STRING,N,,,Y,3,,,PULLED BACK TABLES,,,
NC-TOMS,VHTMA_21000_RDB,R_PM_PARTNER_ACCOUNT,,ACCOUNT_MANAGER,NUMBER,22,0,20,Y,N,N,,NC_TOMS,R_PM_PARTNER_ACCOUNT,ACCOUNT_MANAGER,NUMERIC,N,,,Y,4,,,PULLED BACK TABLES,,,
NC-TOMS,VHTMA_21000_RDB,R_PM_PARTNER_ACCOUNT,,ACCOUNT_NUMBER,VARCHAR2,4000,,,Y,N,N,,NC_TOMS,R_PM_PARTNER_ACCOUNT,ACCOUNT_NUMBER,STRING,N,,,Y,5,,,PULLED BACK TABLES,,,
NC-TOMS,VHTMA_21000_RDB,R_PM_PARTNER_ACCOUNT,,COMPANY_PHONE,VARCHAR2,4000,,,Y,N,N,,NC_TOMS,R_PM_PARTNER_ACCOUNT,COMPANY_PHONE,STRING,N,,,N,6,,,PULLED BACK TABLES,,,
NC-TOMS,VHTMA_21000_RDB,R_PM_PARTNER_ACCOUNT,,CREATED_BY,VARCHAR2,4000,,,Y,N,N,,NC_TOMS,R_PM_PARTNER_ACCOUNT,CREATED_BY,STRING,N,,,Y,7,,,PULLED BACK TABLES,,,
NC-TOMS,VHTMA_21000_RDB,R_PM_PARTNER_ACCOUNT,,CREATED_WHEN,DATE,7,,,Y,N,N,,NC_TOMS,R_PM_PARTNER_ACCOUNT,CREATED_WHEN,TIMESTAMP,N,,,N,8,,,PULLED BACK TABLES,,,
NC-TOMS,VHTMA_21000_RDB,R_PM_PARTNER_ACCOUNT,,DESCRIPTION,VARCHAR2,4000,,,Y,N,N,,NC_TOMS,R_PM_PARTNER_ACCOUNT,DESCRIPTION,STRING,N,,,N,9,,,PULLED BACK TABLES,,,
NC-TOMS,VHTMA_21000_RDB,R_PM_PARTNER_ACCOUNT,,LEGAL_ADDRESS,NUMBER,22,0,20,Y,N,N,,NC_TOMS,R_PM_PARTNER_ACCOUNT,LEGAL_ADDRESS,NUMERIC,N,,,Y,10,,,PULLED BACK TABLES,,,
NC-TOMS,VHTMA_21000_RDB,R_PM_PARTNER_ACCOUNT,,MAILING_ADDRESS,NUMBER,22,0,20,Y,N,N,,NC_TOMS,R_PM_PARTNER_ACCOUNT,MAILING_ADDRESS,NUMERIC,N,,,Y,11,,,PULLED BACK TABLES,,,
NC-TOMS,VHTMA_21000_RDB,R_PM_PARTNER_ACCOUNT,,MODIFIED_BY,VARCHAR2,4000,,,Y,N,N,,NC_TOMS,R_PM_PARTNER_ACCOUNT,MODIFIED_BY,STRING,N,,,Y,12,,,PULLED BACK TABLES,,,
NC-TOMS,VHTMA_21000_RDB,R_PM_PARTNER_ACCOUNT,,MODIFIED_WHEN,DATE,7,,,Y,N,N,,NC_TOMS,R_PM_PARTNER_ACCOUNT,MODIFIED_WHEN,TIMESTAMP,N,,,N,13,,,PULLED BACK TABLES,,,
NC-TOMS,VHTMA_21000_RDB,R_PM_PARTNER_ACCOUNT,,PARENT_ID,NUMBER,22,0,20,Y,N,N,,NC_TOMS,R_PM_PARTNER_ACCOUNT,PARENT_ID,NUMERIC,N,,,N,14,,,PULLED BACK TABLES,,,
NC-TOMS,VHTMA_21000_RDB,R_PM_PARTNER_ACCOUNT,,PARTNER_CATEGORY,VARCHAR2,200,,,Y,N,N,,NC_TOMS,R_PM_PARTNER_ACCOUNT,PARTNER_CATEGORY,STRING,N,,,N,15,,,PULLED BACK TABLES,,,
NC-TOMS,VHTMA_21000_RDB,R_PM_PARTNER_ACCOUNT,,PARTNER_ORGANIZATION,NUMBER,22,0,20,Y,N,N,,NC_TOMS,R_PM_PARTNER_ACCOUNT,PARTNER_ORGANIZATION,NUMERIC,N,,,N,16,,,PULLED BACK TABLES,,,
NC-TOMS,VHTMA_21000_RDB,R_PM_PARTNER_ACCOUNT,,PARTNER_REG_CODE,VARCHAR2,4000,,,Y,N,N,,NC_TOMS,R_PM_PARTNER_ACCOUNT,PARTNER_REG_CODE,STRING,N,,,N,17,,,PULLED BACK TABLES,,,
NC-TOMS,VHTMA_21000_RDB,R_PM_PARTNER_ACCOUNT,,PARTNER_TAX_NUM,VARCHAR2,4000,,,Y,N,N,,NC_TOMS,R_PM_PARTNER_ACCOUNT,PARTNER_TAX_NUM,STRING,N,,,Y,18,,,PULLED BACK TABLES,,,
NC-TOMS,VHTMA_21000_RDB,R_PM_PARTNER_ACCOUNT,,PARTNER_TYPE,VARCHAR2,200,,,Y,N,N,,NC_TOMS,R_PM_PARTNER_ACCOUNT,PARTNER_TYPE,STRING,N,,,N,19,,,PULLED BACK TABLES,,,
NC-TOMS,VHTMA_21000_RDB,R_PM_PARTNER_ACCOUNT,,PA_DEACTIVATION_DATE,DATE,7,,,Y,N,N,,NC_TOMS,R_PM_PARTNER_ACCOUNT,PA_DEACTIVATION_DATE,TIMESTAMP,N,,,N,20,,,PULLED BACK TABLES,,,
NC-TOMS,VHTMA_21000_RDB,R_PM_PARTNER_ACCOUNT,,STATUS,VARCHAR2,200,,,Y,N,N,,NC_TOMS,R_PM_PARTNER_ACCOUNT,STATUS,STRING,N,,,N,21,,,PULLED BACK TABLES,,,
NC-TOMS,VHTMA_21000_RDB,R_PM_PARTNER_ACCOUNT,,WEBSITE,VARCHAR2,4000,,,Y,N,N,,NC_TOMS,R_PM_PARTNER_ACCOUNT,WEBSITE,STRING,N,,,N,22,,,PULLED BACK TABLES,,,
NC-TOMS,VHTMA_21000_RDB,R_PM_PARTNER_ACCOUNT,,,,,,,N,N,Y, ,NC_TOMS,R_PM_PARTNER_ACCOUNT,START_OF_VALIDITY,DATE,Y, , ,N,1000,,,PULLED BACK TABLES,,,
NC-TOMS,VHTMA_21000_RDB,R_PM_PARTNER_ACCOUNT,,,,,,,N,N,N, ,NC_TOMS,R_PM_PARTNER_ACCOUNT,END_OF_VALIDITY,DATE,N, , ,N,1100,,,PULLED BACK TABLES,,,
NC-TOMS,VHTMA_21000_RDB,R_PM_PARTNER_ACCOUNT,,,,,,,N,N,N, ,NC_TOMS,R_PM_PARTNER_ACCOUNT,ACTIVE_FL,STRING,N, , ,N,1300,,,PULLED BACK TABLES,,,
NC-TOMS,VHTMA_21000_RDB,R_PM_PARTNER_ACCOUNT,,,,,,,N,N,N, ,NC_TOMS,R_PM_PARTNER_ACCOUNT,TR_FILE_ID,INT64,N, , ,N,1500,,,PULLED BACK TABLES,,,
NC-TOMS,VHTMA_21000_RDB,R_PM_PARTNER_ACCOUNT,,,,,,,N,N,N, ,NC_TOMS,R_PM_PARTNER_ACCOUNT,TR_INSERT_DATETIME,TIMESTAMP,N, , ,N,1600,,,PULLED BACK TABLES,,,
NC-TOMS,VHTMA_21000_RDB,R_PM_PARTNER_ACCOUNT,,,,,,,N,N,N, ,NC_TOMS,R_PM_PARTNER_ACCOUNT,TR_INSERT_ID,INT64,N, , ,N,1700,,,PULLED BACK TABLES,,,
NC-TOMS,VHTMA_21000_RDB,R_PM_PARTNER_ACCOUNT,,,,,,,Y,N,N, ,NC_TOMS,R_PM_PARTNER_ACCOUNT,TR_UPDATE_DATETIME,TIMESTAMP,N, , ,N,1800,,,PULLED BACK TABLES,,,
NC-TOMS,VHTMA_21000_RDB,R_PM_PARTNER_ACCOUNT,,,,,,,Y,N,N, ,NC_TOMS,R_PM_PARTNER_ACCOUNT,TR_UPDATE_ID,INT64,N, , ,N,1900,,,PULLED BACK TABLES,,,
NC-TOMS,VHTMA_21000_RDB,R_PM_PARTNER_ORG,,OBJECT_ID,NUMBER,22,0,20,N,Y,Y,,NC_TOMS,R_PM_PARTNER_ORG,OBJECT_ID,NUMERIC,Y,,,N,1,,,PULLED BACK TABLES,,,
NC-TOMS,VHTMA_21000_RDB,R_PM_PARTNER_ORG,,TYPE_ID,NUMBER,22,0,20,N,N,N,,NC_TOMS,R_PM_PARTNER_ORG,TYPE_ID,NUMERIC,N,,,N,2,,,PULLED BACK TABLES,,,
NC-TOMS,VHTMA_21000_RDB,R_PM_PARTNER_ORG,,NAME,VARCHAR2,200,,,Y,N,N,,NC_TOMS,R_PM_PARTNER_ORG,NAME,STRING,N,,,Y,3,,,PULLED BACK TABLES,,,
NC-TOMS,VHTMA_21000_RDB,R_PM_PARTNER_ORG,,CREATED_BY,VARCHAR2,4000,,,Y,N,N,,NC_TOMS,R_PM_PARTNER_ORG,CREATED_BY,STRING,N,,,Y,4,,,PULLED BACK TABLES,,,
NC-TOMS,VHTMA_21000_RDB,R_PM_PARTNER_ORG,,CREATED_WHEN,DATE,7,,,Y,N,N,,NC_TOMS,R_PM_PARTNER_ORG,CREATED_WHEN,TIMESTAMP,N,,,N,5,,,PULLED BACK TABLES,,,
NC-TOMS,VHTMA_21000_RDB,R_PM_PARTNER_ORG,,MODIFIED_BY,VARCHAR2,4000,,,Y,N,N,,NC_TOMS,R_PM_PARTNER_ORG,MODIFIED_BY,STRING,N,,,Y,6,,,PULLED BACK TABLES,,,
NC-TOMS,VHTMA_21000_RDB,R_PM_PARTNER_ORG,,MODIFIED_WHEN,DATE,7,,,Y,N,N,,NC_TOMS,R_PM_PARTNER_ORG,MODIFIED_WHEN,TIMESTAMP,N,,,N,7,,,PULLED BACK TABLES,,,
NC-TOMS,VHTMA_21000_RDB,R_PM_PARTNER_ORG,,PARENT_ID,NUMBER,22,0,20,Y,N,N,,NC_TOMS,R_PM_PARTNER_ORG,PARENT_ID,NUMERIC,N,,,N,8,,,PULLED BACK TABLES,,,
NC-TOMS,VHTMA_21000_RDB,R_PM_PARTNER_ORG,,,,,,,N,N,Y, ,NC_TOMS,R_PM_PARTNER_ORG,START_OF_VALIDITY,DATE,Y, , ,N,1000,,,PULLED BACK TABLES,,,
NC-TOMS,VHTMA_21000_RDB,R_PM_PARTNER_ORG,,,,,,,N,N,N, ,NC_TOMS,R_PM_PARTNER_ORG,END_OF_VALIDITY,DATE,N, , ,N,1100,,,PULLED BACK TABLES,,,
NC-TOMS,VHTMA_21000_RDB,R_PM_PARTNER_ORG,,,,,,,N,N,N, ,NC_TOMS,R_PM_PARTNER_ORG,ACTIVE_FL,STRING,N, , ,N,1300,,,PULLED BACK TABLES,,,
NC-TOMS,VHTMA_21000_RDB,R_PM_PARTNER_ORG,,,,,,,N,N,N, ,NC_TOMS,R_PM_PARTNER_ORG,TR_FILE_ID,INT64,N, , ,N,1500,,,PULLED BACK TABLES,,,
NC-TOMS,VHTMA_21000_RDB,R_PM_PARTNER_ORG,,,,,,,N,N,N, ,NC_TOMS,R_PM_PARTNER_ORG,TR_INSERT_DATETIME,TIMESTAMP,N, , ,N,1600,,,PULLED BACK TABLES,,,
NC-TOMS,VHTMA_21000_RDB,R_PM_PARTNER_ORG,,,,,,,N,N,N, ,NC_TOMS,R_PM_PARTNER_ORG,TR_INSERT_ID,INT64,N, , ,N,1700,,,PULLED BACK TABLES,,,
NC-TOMS,VHTMA_21000_RDB,R_PM_PARTNER_ORG,,,,,,,Y,N,N, ,NC_TOMS,R_PM_PARTNER_ORG,TR_UPDATE_DATETIME,TIMESTAMP,N, , ,N,1800,,,PULLED BACK TABLES,,,
NC-TOMS,VHTMA_21000_RDB,R_PM_PARTNER_ORG,,,,,,,Y,N,N, ,NC_TOMS,R_PM_PARTNER_ORG,TR_UPDATE_ID,INT64,N, , ,N,1900,,,PULLED BACK TABLES,,,
NC-TOMS,VHTMA_21000_RDB,R_RI_DEVICE,,OBJECT_ID,NUMBER,22,0,20,N,Y,Y,,NC_TOMS,R_RI_DEVICE,OBJECT_ID,NUMERIC,Y,,,N,1,,,PULLED BACK TABLES,,,
NC-TOMS,VHTMA_21000_RDB,R_RI_DEVICE,,TYPE_ID,NUMBER,22,0,20,N,N,N,,NC_TOMS,R_RI_DEVICE,TYPE_ID,NUMERIC,N,,,N,2,,,PULLED BACK TABLES,,,
NC-TOMS,VHTMA_21000_RDB,R_RI_DEVICE,,NAME,VARCHAR2,200,,,Y,N,N,,NC_TOMS,R_RI_DEVICE,NAME,STRING,N,,,N,3,,,PULLED BACK TABLES,,,
NC-TOMS,VHTMA_21000_RDB,R_RI_DEVICE,,CREATED_BY,VARCHAR2,4000,,,Y,N,N,,NC_TOMS,R_RI_DEVICE,CREATED_BY,STRING,N,,,Y,4,,,PULLED BACK TABLES,,,
NC-TOMS,VHTMA_21000_RDB,R_RI_DEVICE,,CREATED_WHEN,DATE,7,,,Y,N,N,,NC_TOMS,R_RI_DEVICE,CREATED_WHEN,TIMESTAMP,N,,,N,5,,,PULLED BACK TABLES,,,
NC-TOMS,VHTMA_21000_RDB,R_RI_DEVICE,,MODIFIED_BY,VARCHAR2,4000,,,Y,N,N,,NC_TOMS,R_RI_DEVICE,MODIFIED_BY,STRING,N,,,Y,6,,,PULLED BACK TABLES,,,
NC-TOMS,VHTMA_21000_RDB,R_RI_DEVICE,,MODIFIED_WHEN,DATE,7,,,Y,N,N,,NC_TOMS,R_RI_DEVICE,MODIFIED_WHEN,TIMESTAMP,N,,,N,7,,,PULLED BACK TABLES,,,
NC-TOMS,VHTMA_21000_RDB,R_RI_DEVICE,,NETWORK_ELEMENT,NUMBER,22,0,20,Y,N,N,,NC_TOMS,R_RI_DEVICE,NETWORK_ELEMENT,NUMERIC,N,,,N,8,,,PULLED BACK TABLES,,,
NC-TOMS,VHTMA_21000_RDB,R_RI_DEVICE,,NETWORK_ELEMENT_TYPE,VARCHAR2,4000,,,Y,N,N,,NC_TOMS,R_RI_DEVICE,NETWORK_ELEMENT_TYPE,STRING,N,,,N,9,,,PULLED BACK TABLES,,,
NC-TOMS,VHTMA_21000_RDB,R_RI_DEVICE,,PARENT_ID,NUMBER,22,0,20,Y,N,N,,NC_TOMS,R_RI_DEVICE,PARENT_ID,NUMERIC,N,,,N,10,,,PULLED BACK TABLES,,,
NC-TOMS,VHTMA_21000_RDB,R_RI_DEVICE,,,,,,,N,N,Y, ,NC_TOMS,R_RI_DEVICE,START_OF_VALIDITY,DATE,Y, , ,N,1000,,,PULLED BACK TABLES,,,
NC-TOMS,VHTMA_21000_RDB,R_RI_DEVICE,,,,,,,N,N,N, ,NC_TOMS,R_RI_DEVICE,END_OF_VALIDITY,DATE,N, , ,N,1100,,,PULLED BACK TABLES,,,
NC-TOMS,VHTMA_21000_RDB,R_RI_DEVICE,,,,,,,N,N,N, ,NC_TOMS,R_RI_DEVICE,ACTIVE_FL,STRING,N, , ,N,1300,,,PULLED BACK TABLES,,,
NC-TOMS,VHTMA_21000_RDB,R_RI_DEVICE,,,,,,,N,N,N, ,NC_TOMS,R_RI_DEVICE,TR_FILE_ID,INT64,N, , ,N,1500,,,PULLED BACK TABLES,,,
NC-TOMS,VHTMA_21000_RDB,R_RI_DEVICE,,,,,,,N,N,N, ,NC_TOMS,R_RI_DEVICE,TR_INSERT_DATETIME,TIMESTAMP,N, , ,N,1600,,,PULLED BACK TABLES,,,
NC-TOMS,VHTMA_21000_RDB,R_RI_DEVICE,,,,,,,N,N,N, ,NC_TOMS,R_RI_DEVICE,TR_INSERT_ID,INT64,N, , ,N,1700,,,PULLED BACK TABLES,,,
NC-TOMS,VHTMA_21000_RDB,R_RI_DEVICE,,,,,,,Y,N,N, ,NC_TOMS,R_RI_DEVICE,TR_UPDATE_DATETIME,TIMESTAMP,N, , ,N,1800,,,PULLED BACK TABLES,,,
NC-TOMS,VHTMA_21000_RDB,R_RI_DEVICE,,,,,,,Y,N,N, ,NC_TOMS,R_RI_DEVICE,TR_UPDATE_ID,INT64,N, , ,N,1900,,,PULLED BACK TABLES,,,
NC-TOMS,VHTMA_21000_RDB,R_RI_DEVICE_PORT,,OBJECT_ID,NUMBER,22,0,20,N,Y,Y,,NC_TOMS,R_RI_DEVICE_PORT,OBJECT_ID,NUMERIC,Y,,,N,1,,,PULLED BACK TABLES,,,
NC-TOMS,VHTMA_21000_RDB,R_RI_DEVICE_PORT,,TYPE_ID,NUMBER,22,0,20,N,N,N,,NC_TOMS,R_RI_DEVICE_PORT,TYPE_ID,NUMERIC,N,,,N,2,,,PULLED BACK TABLES,,,
NC-TOMS,VHTMA_21000_RDB,R_RI_DEVICE_PORT,,NAME,VARCHAR2,200,,,Y,N,N,,NC_TOMS,R_RI_DEVICE_PORT,NAME,STRING,N,,,N,3,,,PULLED BACK TABLES,,,
NC-TOMS,VHTMA_21000_RDB,R_RI_DEVICE_PORT,,BIND_TO,NUMBER,22,0,20,Y,N,N,,NC_TOMS,R_RI_DEVICE_PORT,BIND_TO,NUMERIC,N,,,N,4,,,PULLED BACK TABLES,,,
NC-TOMS,VHTMA_21000_RDB,R_RI_DEVICE_PORT,,CREATED_BY,VARCHAR2,4000,,,Y,N,N,,NC_TOMS,R_RI_DEVICE_PORT,CREATED_BY,STRING,N,,,Y,5,,,PULLED BACK TABLES,,,
NC-TOMS,VHTMA_21000_RDB,R_RI_DEVICE_PORT,,CREATED_WHEN,DATE,7,,,Y,N,N,,NC_TOMS,R_RI_DEVICE_PORT,CREATED_WHEN,TIMESTAMP,N,,,N,6,,,PULLED BACK TABLES,,,
NC-TOMS,VHTMA_21000_RDB,R_RI_DEVICE_PORT,,DEVICE_TYPE,VARCHAR2,200,,,Y,N,N,,NC_TOMS,R_RI_DEVICE_PORT,DEVICE_TYPE,STRING,N,,,N,7,,,PULLED BACK TABLES,,,
NC-TOMS,VHTMA_21000_RDB,R_RI_DEVICE_PORT,,MODIFIED_BY,VARCHAR2,4000,,,Y,N,N,,NC_TOMS,R_RI_DEVICE_PORT,MODIFIED_BY,STRING,N,,,Y,8,,,PULLED BACK TABLES,,,
NC-TOMS,VHTMA_21000_RDB,R_RI_DEVICE_PORT,,MODIFIED_WHEN,DATE,7,,,Y,N,N,,NC_TOMS,R_RI_DEVICE_PORT,MODIFIED_WHEN,TIMESTAMP,N,,,N,9,,,PULLED BACK TABLES,,,
NC-TOMS,VHTMA_21000_RDB,R_RI_DEVICE_PORT,,PARENT_ID,NUMBER,22,0,20,Y,N,N,,NC_TOMS,R_RI_DEVICE_PORT,PARENT_ID,NUMERIC,N,,,N,10,,,PULLED BACK TABLES,,,
NC-TOMS,VHTMA_21000_RDB,R_RI_DEVICE_PORT,,SERVICEABLE_ADDRESS,NUMBER,22,0,20,Y,N,N,,NC_TOMS,R_RI_DEVICE_PORT,SERVICEABLE_ADDRESS,NUMERIC,N,,,Y,11,,,PULLED BACK TABLES,,,
NC-TOMS,VHTMA_21000_RDB,R_RI_DEVICE_PORT,,STATUS,VARCHAR2,200,,,Y,N,N,,NC_TOMS,R_RI_DEVICE_PORT,STATUS,STRING,N,,,N,12,,,PULLED BACK TABLES,,,
NC-TOMS,VHTMA_21000_RDB,R_RI_DEVICE_PORT,,,,,,,N,N,Y, ,NC_TOMS,R_RI_DEVICE_PORT,START_OF_VALIDITY,DATE,Y, , ,N,1000,,,PULLED BACK TABLES,,,
NC-TOMS,VHTMA_21000_RDB,R_RI_DEVICE_PORT,,,,,,,N,N,N, ,NC_TOMS,R_RI_DEVICE_PORT,END_OF_VALIDITY,DATE,N, , ,N,1100,,,PULLED BACK TABLES,,,
NC-TOMS,VHTMA_21000_RDB,R_RI_DEVICE_PORT,,,,,,,N,N,N, ,NC_TOMS,R_RI_DEVICE_PORT,ACTIVE_FL,STRING,N, , ,N,1300,,,PULLED BACK TABLES,,,
NC-TOMS,VHTMA_21000_RDB,R_RI_DEVICE_PORT,,,,,,,N,N,N, ,NC_TOMS,R_RI_DEVICE_PORT,TR_FILE_ID,INT64,N, , ,N,1500,,,PULLED BACK TABLES,,,
NC-TOMS,VHTMA_21000_RDB,R_RI_DEVICE_PORT,,,,,,,N,N,N, ,NC_TOMS,R_RI_DEVICE_PORT,TR_INSERT_DATETIME,TIMESTAMP,N, , ,N,1600,,,PULLED BACK TABLES,,,
NC-TOMS,VHTMA_21000_RDB,R_RI_DEVICE_PORT,,,,,,,N,N,N, ,NC_TOMS,R_RI_DEVICE_PORT,TR_INSERT_ID,INT64,N, , ,N,1700,,,PULLED BACK TABLES,,,
NC-TOMS,VHTMA_21000_RDB,R_RI_DEVICE_PORT,,,,,,,Y,N,N, ,NC_TOMS,R_RI_DEVICE_PORT,TR_UPDATE_DATETIME,TIMESTAMP,N, , ,N,1800,,,PULLED BACK TABLES,,,
NC-TOMS,VHTMA_21000_RDB,R_RI_DEVICE_PORT,,,,,,,Y,N,N, ,NC_TOMS,R_RI_DEVICE_PORT,TR_UPDATE_ID,INT64,N, , ,N,1900,,,PULLED BACK TABLES,,,
NC-TOMS,VHTMA_21000_RDB,R_RI_NUM_ALLOCATION_POOL,,OBJECT_ID,NUMBER,22,0,20,N,Y,Y,,NC_TOMS,R_RI_NUM_ALLOCATION_POOL,OBJECT_ID,NUMERIC,Y,,,N,1,,,PULLED BACK TABLES,,,
NC-TOMS,VHTMA_21000_RDB,R_RI_NUM_ALLOCATION_POOL,,TYPE_ID,NUMBER,22,0,20,N,N,N,,NC_TOMS,R_RI_NUM_ALLOCATION_POOL,TYPE_ID,NUMERIC,N,,,N,2,,,PULLED BACK TABLES,,,
NC-TOMS,VHTMA_21000_RDB,R_RI_NUM_ALLOCATION_POOL,,NAME,VARCHAR2,200,,,Y,N,N,,NC_TOMS,R_RI_NUM_ALLOCATION_POOL,NAME,STRING,N,,,Y,3,,,PULLED BACK TABLES,,,
NC-TOMS,VHTMA_21000_RDB,R_RI_NUM_ALLOCATION_POOL,,CREATED_BY,VARCHAR2,4000,,,Y,N,N,,NC_TOMS,R_RI_NUM_ALLOCATION_POOL,CREATED_BY,STRING,N,,,Y,4,,,PULLED BACK TABLES,,,
NC-TOMS,VHTMA_21000_RDB,R_RI_NUM_ALLOCATION_POOL,,CREATED_WHEN,DATE,7,,,Y,N,N,,NC_TOMS,R_RI_NUM_ALLOCATION_POOL,CREATED_WHEN,TIMESTAMP,N,,,N,5,,,PULLED BACK TABLES,,,
NC-TOMS,VHTMA_21000_RDB,R_RI_NUM_ALLOCATION_POOL,,MODIFIED_BY,VARCHAR2,4000,,,Y,N,N,,NC_TOMS,R_RI_NUM_ALLOCATION_POOL,MODIFIED_BY,STRING,N,,,Y,6,,,PULLED BACK TABLES,,,
NC-TOMS,VHTMA_21000_RDB,R_RI_NUM_ALLOCATION_POOL,,MODIFIED_WHEN,DATE,7,,,Y,N,N,,NC_TOMS,R_RI_NUM_ALLOCATION_POOL,MODIFIED_WHEN,TIMESTAMP,N,,,N,7,,,PULLED BACK TABLES,,,
NC-TOMS,VHTMA_21000_RDB,R_RI_NUM_ALLOCATION_POOL,,PARENT_ID,NUMBER,22,0,20,Y,N,N,,NC_TOMS,R_RI_NUM_ALLOCATION_POOL,PARENT_ID,NUMERIC,N,,,N,8,,,PULLED BACK TABLES,,,
NC-TOMS,VHTMA_21000_RDB,R_RI_NUM_ALLOCATION_POOL,,,,,,,N,N,Y, ,NC_TOMS,R_RI_NUM_ALLOCATION_POOL,START_OF_VALIDITY,DATE,Y, , ,N,1000,,,PULLED BACK TABLES,,,
NC-TOMS,VHTMA_21000_RDB,R_RI_NUM_ALLOCATION_POOL,,,,,,,N,N,N, ,NC_TOMS,R_RI_NUM_ALLOCATION_POOL,END_OF_VALIDITY,DATE,N, , ,N,1100,,,PULLED BACK TABLES,,,
NC-TOMS,VHTMA_21000_RDB,R_RI_NUM_ALLOCATION_POOL,,,,,,,N,N,N, ,NC_TOMS,R_RI_NUM_ALLOCATION_POOL,ACTIVE_FL,STRING,N, , ,N,1300,,,PULLED BACK TABLES,,,
NC-TOMS,VHTMA_21000_RDB,R_RI_NUM_ALLOCATION_POOL,,,,,,,N,N,N, ,NC_TOMS,R_RI_NUM_ALLOCATION_POOL,TR_FILE_ID,INT64,N, , ,N,1500,,,PULLED BACK TABLES,,,
NC-TOMS,VHTMA_21000_RDB,R_RI_NUM_ALLOCATION_POOL,,,,,,,N,N,N, ,NC_TOMS,R_RI_NUM_ALLOCATION_POOL,TR_INSERT_DATETIME,TIMESTAMP,N, , ,N,1600,,,PULLED BACK TABLES,,,
NC-TOMS,VHTMA_21000_RDB,R_RI_NUM_ALLOCATION_POOL,,,,,,,N,N,N, ,NC_TOMS,R_RI_NUM_ALLOCATION_POOL,TR_INSERT_ID,INT64,N, , ,N,1700,,,PULLED BACK TABLES,,,
NC-TOMS,VHTMA_21000_RDB,R_RI_NUM_ALLOCATION_POOL,,,,,,,Y,N,N, ,NC_TOMS,R_RI_NUM_ALLOCATION_POOL,TR_UPDATE_DATETIME,TIMESTAMP,N, , ,N,1800,,,PULLED BACK TABLES,,,
NC-TOMS,VHTMA_21000_RDB,R_RI_NUM_ALLOCATION_POOL,,,,,,,Y,N,N, ,NC_TOMS,R_RI_NUM_ALLOCATION_POOL,TR_UPDATE_ID,INT64,N, , ,N,1900,,,PULLED BACK TABLES,,,
NC-TOMS,VHTMA_21000_RDB,R_RI_NUMBER_CATEGORY,,OBJECT_ID,NUMBER,22,0,20,N,Y,Y,,NC_TOMS,R_RI_NUMBER_CATEGORY,OBJECT_ID,NUMERIC,Y,,,N,1,,,PULLED BACK TABLES,,,
NC-TOMS,VHTMA_21000_RDB,R_RI_NUMBER_CATEGORY,,TYPE_ID,NUMBER,22,0,20,N,N,N,,NC_TOMS,R_RI_NUMBER_CATEGORY,TYPE_ID,NUMERIC,N,,,N,2,,,PULLED BACK TABLES,,,
NC-TOMS,VHTMA_21000_RDB,R_RI_NUMBER_CATEGORY,,NAME,VARCHAR2,200,,,Y,N,N,,NC_TOMS,R_RI_NUMBER_CATEGORY,NAME,STRING,N,,,N,3,,,PULLED BACK TABLES,,,
NC-TOMS,VHTMA_21000_RDB,R_RI_NUMBER_CATEGORY,,CREATED_BY,VARCHAR2,4000,,,Y,N,N,,NC_TOMS,R_RI_NUMBER_CATEGORY,CREATED_BY,STRING,N,,,Y,4,,,PULLED BACK TABLES,,,
NC-TOMS,VHTMA_21000_RDB,R_RI_NUMBER_CATEGORY,,CREATED_WHEN,DATE,7,,,Y,N,N,,NC_TOMS,R_RI_NUMBER_CATEGORY,CREATED_WHEN,TIMESTAMP,N,,,N,5,,,PULLED BACK TABLES,,,
NC-TOMS,VHTMA_21000_RDB,R_RI_NUMBER_CATEGORY,,MODIFIED_BY,VARCHAR2,4000,,,Y,N,N,,NC_TOMS,R_RI_NUMBER_CATEGORY,MODIFIED_BY,STRING,N,,,Y,6,,,PULLED BACK TABLES,,,
NC-TOMS,VHTMA_21000_RDB,R_RI_NUMBER_CATEGORY,,MODIFIED_WHEN,DATE,7,,,Y,N,N,,NC_TOMS,R_RI_NUMBER_CATEGORY,MODIFIED_WHEN,TIMESTAMP,N,,,N,7,,,PULLED BACK TABLES,,,
NC-TOMS,VHTMA_21000_RDB,R_RI_NUMBER_CATEGORY,,PARENT_ID,NUMBER,22,0,20,Y,N,N,,NC_TOMS,R_RI_NUMBER_CATEGORY,PARENT_ID,NUMERIC,N,,,N,8,,,PULLED BACK TABLES,,,
NC-TOMS,VHTMA_21000_RDB,R_RI_NUMBER_CATEGORY,,,,,,,N,N,Y, ,NC_TOMS,R_RI_NUMBER_CATEGORY,START_OF_VALIDITY,DATE,Y, , ,N,1000,,,PULLED BACK TABLES,,,
NC-TOMS,VHTMA_21000_RDB,R_RI_NUMBER_CATEGORY,,,,,,,N,N,N, ,NC_TOMS,R_RI_NUMBER_CATEGORY,END_OF_VALIDITY,DATE,N, , ,N,1100,,,PULLED BACK TABLES,,,
NC-TOMS,VHTMA_21000_RDB,R_RI_NUMBER_CATEGORY,,,,,,,N,N,N, ,NC_TOMS,R_RI_NUMBER_CATEGORY,ACTIVE_FL,STRING,N, , ,N,1300,,,PULLED BACK TABLES,,,
NC-TOMS,VHTMA_21000_RDB,R_RI_NUMBER_CATEGORY,,,,,,,N,N,N, ,NC_TOMS,R_RI_NUMBER_CATEGORY,TR_FILE_ID,INT64,N, , ,N,1500,,,PULLED BACK TABLES,,,
NC-TOMS,VHTMA_21000_RDB,R_RI_NUMBER_CATEGORY,,,,,,,N,N,N, ,NC_TOMS,R_RI_NUMBER_CATEGORY,TR_INSERT_DATETIME,TIMESTAMP,N, , ,N,1600,,,PULLED BACK TABLES,,,
NC-TOMS,VHTMA_21000_RDB,R_RI_NUMBER_CATEGORY,,,,,,,N,N,N, ,NC_TOMS,R_RI_NUMBER_CATEGORY,TR_INSERT_ID,INT64,N, , ,N,1700,,,PULLED BACK TABLES,,,
NC-TOMS,VHTMA_21000_RDB,R_RI_NUMBER_CATEGORY,,,,,,,Y,N,N, ,NC_TOMS,R_RI_NUMBER_CATEGORY,TR_UPDATE_DATETIME,TIMESTAMP,N, , ,N,1800,,,PULLED BACK TABLES,,,
NC-TOMS,VHTMA_21000_RDB,R_RI_NUMBER_CATEGORY,,,,,,,Y,N,N, ,NC_TOMS,R_RI_NUMBER_CATEGORY,TR_UPDATE_ID,INT64,N, , ,N,1900,,,PULLED BACK TABLES,,,
NC-TOMS,VHTMA_21000_RDB,R_RI_PHONE_NUMBERS_POOL,,OBJECT_ID,NUMBER,22,0,20,N,Y,Y,,NC_TOMS,R_RI_PHONE_NUMBERS_POOL,OBJECT_ID,NUMERIC,Y,,,N,1,,,PULLED BACK TABLES,,,
NC-TOMS,VHTMA_21000_RDB,R_RI_PHONE_NUMBERS_POOL,,TYPE_ID,NUMBER,22,0,20,N,N,N,,NC_TOMS,R_RI_PHONE_NUMBERS_POOL,TYPE_ID,NUMERIC,N,,,N,2,,,PULLED BACK TABLES,,,
NC-TOMS,VHTMA_21000_RDB,R_RI_PHONE_NUMBERS_POOL,,NAME,VARCHAR2,200,,,Y,N,N,,NC_TOMS,R_RI_PHONE_NUMBERS_POOL,NAME,STRING,N,,,Y,3,,,PULLED BACK TABLES,,,
NC-TOMS,VHTMA_21000_RDB,R_RI_PHONE_NUMBERS_POOL,,CREATED_BY,VARCHAR2,4000,,,Y,N,N,,NC_TOMS,R_RI_PHONE_NUMBERS_POOL,CREATED_BY,STRING,N,,,Y,4,,,PULLED BACK TABLES,,,
NC-TOMS,VHTMA_21000_RDB,R_RI_PHONE_NUMBERS_POOL,,CREATED_WHEN,DATE,7,,,Y,N,N,,NC_TOMS,R_RI_PHONE_NUMBERS_POOL,CREATED_WHEN,TIMESTAMP,N,,,N,5,,,PULLED BACK TABLES,,,
NC-TOMS,VHTMA_21000_RDB,R_RI_PHONE_NUMBERS_POOL,,MODIFIED_BY,VARCHAR2,4000,,,Y,N,N,,NC_TOMS,R_RI_PHONE_NUMBERS_POOL,MODIFIED_BY,STRING,N,,,Y,6,,,PULLED BACK TABLES,,,
NC-TOMS,VHTMA_21000_RDB,R_RI_PHONE_NUMBERS_POOL,,MODIFIED_WHEN,DATE,7,,,Y,N,N,,NC_TOMS,R_RI_PHONE_NUMBERS_POOL,MODIFIED_WHEN,TIMESTAMP,N,,,N,7,,,PULLED BACK TABLES,,,
NC-TOMS,VHTMA_21000_RDB,R_RI_PHONE_NUMBERS_POOL,,PARENT_ID,NUMBER,22,0,20,Y,N,N,,NC_TOMS,R_RI_PHONE_NUMBERS_POOL,PARENT_ID,NUMERIC,N,,,N,8,,,PULLED BACK TABLES,,,
NC-TOMS,VHTMA_21000_RDB,R_RI_PHONE_NUMBERS_POOL,,,,,,,N,N,Y, ,NC_TOMS,R_RI_PHONE_NUMBERS_POOL,START_OF_VALIDITY,DATE,Y, , ,N,1000,,,PULLED BACK TABLES,,,
NC-TOMS,VHTMA_21000_RDB,R_RI_PHONE_NUMBERS_POOL,,,,,,,N,N,N, ,NC_TOMS,R_RI_PHONE_NUMBERS_POOL,END_OF_VALIDITY,DATE,N, , ,N,1100,,,PULLED BACK TABLES,,,
NC-TOMS,VHTMA_21000_RDB,R_RI_PHONE_NUMBERS_POOL,,,,,,,N,N,N, ,NC_TOMS,R_RI_PHONE_NUMBERS_POOL,ACTIVE_FL,STRING,N, , ,N,1300,,,PULLED BACK TABLES,,,
NC-TOMS,VHTMA_21000_RDB,R_RI_PHONE_NUMBERS_POOL,,,,,,,N,N,N, ,NC_TOMS,R_RI_PHONE_NUMBERS_POOL,TR_FILE_ID,INT64,N, , ,N,1500,,,PULLED BACK TABLES,,,
NC-TOMS,VHTMA_21000_RDB,R_RI_PHONE_NUMBERS_POOL,,,,,,,N,N,N, ,NC_TOMS,R_RI_PHONE_NUMBERS_POOL,TR_INSERT_DATETIME,TIMESTAMP,N, , ,N,1600,,,PULLED BACK TABLES,,,
NC-TOMS,VHTMA_21000_RDB,R_RI_PHONE_NUMBERS_POOL,,,,,,,N,N,N, ,NC_TOMS,R_RI_PHONE_NUMBERS_POOL,TR_INSERT_ID,INT64,N, , ,N,1700,,,PULLED BACK TABLES,,,
NC-TOMS,VHTMA_21000_RDB,R_RI_PHONE_NUMBERS_POOL,,,,,,,Y,N,N, ,NC_TOMS,R_RI_PHONE_NUMBERS_POOL,TR_UPDATE_DATETIME,TIMESTAMP,N, , ,N,1800,,,PULLED BACK TABLES,,,
NC-TOMS,VHTMA_21000_RDB,R_RI_PHONE_NUMBERS_POOL,,,,,,,Y,N,N, ,NC_TOMS,R_RI_PHONE_NUMBERS_POOL,TR_UPDATE_ID,INT64,N, , ,N,1900,,,PULLED BACK TABLES,,,
